snapshot_ts,provider,provider_last_updated,region,sku_id,sku_name,chip_model,gpu_count,price_type,currency,list_price,list_price_unit,usd_per_gpu_hour,basis,effective_from,effective_to,notes
2026-08-10T23:15:24+00:00,azure,2025-09-01T00:00:00Z,eastus,Standard_NP20s,Virtual Machines NP Series,,,spot,USD,0.60984,Machine Per Hour,,,2025-09-01,,machine not in the GPU count table -- add it to azure.py
2026-08-10T23:15:24+00:00,azure,2023-12-01T00:00:00Z,eastus,Standard_ND96isr_H100_v5,Virtual Machines NDsr H100 v5 Series,H100,8,on_demand,USD,98.32,Machine Per Hour,12.29,machine_inclusive,2023-12-01,,
2026-08-10T23:15:24+00:00,azure,2023-12-01T00:00:00Z,eastus,Standard_ND96isr_H100_v5,Virtual Machines NDsr H100 v5 Series,H100,8,1_year,USD,62.924772,Machine Per Hour,7.865596,machine_inclusive,2023-12-01,,
2026-08-10T23:15:24+00:00,azure,2023-12-01T00:00:00Z,eastus,Standard_ND96isr_H100_v5,Virtual Machines NDsr H100 v5 Series,H100,8,3_year,USD,43.162481,Machine Per Hour,5.39531,machine_inclusive,2023-12-01,,
2026-08-10T23:15:24+00:00,azure,2023-12-01T00:00:00Z,eastus,Standard_ND96isr_H100_v5,Virtual Machines NDsr H100 v5 Series,H100,8,5_year,USD,39.327991,Machine Per Hour,4.915999,machine_inclusive,2023-12-01,,
2026-08-10T23:15:24+00:00,azure,2026-04-01T00:00:00Z,eastus,Standard_NC8lds_xl_RTXPRO6000BSE_v6,Virtual Machines NCldsxlRTX6kv6,,,spot,USD,0.11,Machine Per Hour,,,2026-04-01,,machine not in the GPU count table -- add it to azure.py
2026-08-10T23:15:24+00:00,azure,2022-04-01T00:00:00Z,eastus,Standard_NV6ads_A10_v5,Virtual Machines NVadsA10v5 Series,A10,0.1667,on_demand,USD,0.454,Machine Per Hour,2.724,machine_inclusive,2022-04-01,,extrapolated from a partitioned GPU slice (0.1667 of one A10)
2026-08-10T23:15:24+00:00,azure,2022-04-01T00:00:00Z,eastus,Standard_NV6ads_A10_v5,Virtual Machines NVadsA10v5 Series,A10,0.1667,savings_plan_3_year,USD,0.280073,Machine Per Hour,1.680436,machine_inclusive,2022-04-01,,extrapolated from a partitioned GPU slice (0.1667 of one A10)
2026-08-10T23:15:24+00:00,azure,2022-04-01T00:00:00Z,eastus,Standard_NV6ads_A10_v5,Virtual Machines NVadsA10v5 Series,A10,0.1667,savings_plan_1_year,USD,0.37791,Machine Per Hour,2.267458,machine_inclusive,2022-04-01,,extrapolated from a partitioned GPU slice (0.1667 of one A10)
2026-08-10T23:15:24+00:00,azure,2022-04-01T00:00:00Z,eastus,Standard_NV6ads_A10_v5,Virtual Machines NVadsA10v5 Series,A10,0.1667,1_year,USD,0.290525,Machine Per Hour,1.743151,machine_inclusive,2022-04-01,,extrapolated from a partitioned GPU slice (0.1667 of one A10)
2026-08-10T23:15:24+00:00,azure,2022-04-01T00:00:00Z,eastus,Standard_NV6ads_A10_v5,Virtual Machines NVadsA10v5 Series,A10,0.1667,3_year,USD,0.199772,Machine Per Hour,1.19863,machine_inclusive,2022-04-01,,extrapolated from a partitioned GPU slice (0.1667 of one A10)
2026-08-10T23:15:24+00:00,azure,2026-04-01T00:00:00Z,eastus,Standard_NC264lds_xl_RTXPRO6000BSE_v6,Virtual Machines NCldsxlRTX6kv6,,,on_demand,USD,11.0,Machine Per Hour,,,2026-04-01,,machine not in the GPU count table -- add it to azure.py
2026-08-10T23:15:24+00:00,azure,2026-04-01T00:00:00Z,eastus,Standard_NC264lds_xl_RTXPRO6000BSE_v6,Virtual Machines NCldsxlRTX6kv6,,,savings_plan_3_year,USD,6.82,Machine Per Hour,,,2026-04-01,,machine not in the GPU count table -- add it to azure.py
2026-08-10T23:15:24+00:00,azure,2026-04-01T00:00:00Z,eastus,Standard_NC264lds_xl_RTXPRO6000BSE_v6,Virtual Machines NCldsxlRTX6kv6,,,savings_plan_1_year,USD,9.24,Machine Per Hour,,,2026-04-01,,machine not in the GPU count table -- add it to azure.py
2026-08-10T23:15:24+00:00,azure,2026-04-01T00:00:00Z,eastus,Standard_NC264lds_xl_RTXPRO6000BSE_v6,Virtual Machines NCldsxlRTX6kv6,,,1_year,USD,7.039954,Machine Per Hour,,,2026-04-01,,machine not in the GPU count table -- add it to azure.py
2026-08-10T23:15:24+00:00,azure,2026-04-01T00:00:00Z,eastus,Standard_NC264lds_xl_RTXPRO6000BSE_v6,Virtual Machines NCldsxlRTX6kv6,,,3_year,USD,4.839992,Machine Per Hour,,,2026-04-01,,machine not in the GPU count table -- add it to azure.py
2026-08-10T23:15:24+00:00,azure,2026-04-01T00:00:00Z,eastus,Standard_NC24lds_xl_RTXPRO6000BSE_v6,Virtual Machines NCldsxlRTX6kv6,RTX PRO 6000,0.25,on_demand,USD,1.13,Machine Per Hour,4.52,machine_inclusive,2026-04-01,,extrapolated from a partitioned GPU slice (0.2500 of one RTX PRO 6000)
2026-08-10T23:15:24+00:00,azure,2026-04-01T00:00:00Z,eastus,Standard_NC24lds_xl_RTXPRO6000BSE_v6,Virtual Machines NCldsxlRTX6kv6,RTX PRO 6000,0.25,savings_plan_3_year,USD,0.7006,Machine Per Hour,2.8024,machine_inclusive,2026-04-01,,extrapolated from a partitioned GPU slice (0.2500 of one RTX PRO 6000)
2026-08-10T23:15:24+00:00,azure,2026-04-01T00:00:00Z,eastus,Standard_NC24lds_xl_RTXPRO6000BSE_v6,Virtual Machines NCldsxlRTX6kv6,RTX PRO 6000,0.25,savings_plan_1_year,USD,0.9492,Machine Per Hour,3.7968,machine_inclusive,2026-04-01,,extrapolated from a partitioned GPU slice (0.2500 of one RTX PRO 6000)
2026-08-10T23:15:24+00:00,azure,2026-04-01T00:00:00Z,eastus,Standard_NC24lds_xl_RTXPRO6000BSE_v6,Virtual Machines NCldsxlRTX6kv6,RTX PRO 6000,0.25,1_year,USD,0.723174,Machine Per Hour,2.892694,machine_inclusive,2026-04-01,,extrapolated from a partitioned GPU slice (0.2500 of one RTX PRO 6000)
2026-08-10T23:15:24+00:00,azure,2026-04-01T00:00:00Z,eastus,Standard_NC24lds_xl_RTXPRO6000BSE_v6,Virtual Machines NCldsxlRTX6kv6,RTX PRO 6000,0.25,3_year,USD,0.497184,Machine Per Hour,1.988737,machine_inclusive,2026-04-01,,extrapolated from a partitioned GPU slice (0.2500 of one RTX PRO 6000)
2026-08-10T23:15:24+00:00,azure,2026-04-01T00:00:00Z,eastus,Standard_NC72lds_xl_RTXPRO6000BSE_v6,Virtual Machines NCldsxlRTX6kv6,RTX PRO 6000,0.5,spot,USD,0.488,Machine Per Hour,0.976,machine_inclusive,2026-04-01,2026-07-31,extrapolated from a partitioned GPU slice (0.5000 of one RTX PRO 6000)
2026-08-10T23:15:24+00:00,azure,2026-08-01T00:00:00Z,eastus,Standard_NC72lds_xl_RTXPRO6000BSE_v6,Virtual Machines NCldsxlRTX6kv6,RTX PRO 6000,0.5,spot,USD,0.450912,Machine Per Hour,0.901824,machine_inclusive,2026-08-01,,extrapolated from a partitioned GPU slice (0.5000 of one RTX PRO 6000)
2026-08-10T23:15:24+00:00,azure,2025-08-01T00:00:00Z,eastus,Standard_NV12ads_V710_v5,Virtual Machines NVadsV710v5 Series,,,spot,USD,0.1848,Machine Per Hour,,,2025-08-01,,machine not in the GPU count table -- add it to azure.py
2026-08-10T23:15:24+00:00,azure,2021-11-01T00:00:00Z,eastus,Standard_NC16as_T4_v3,Virtual Machines NCasT4 v3 Series,T4,1,on_demand,USD,1.204,Machine Per Hour,1.204,machine_inclusive,2021-11-01,,
2026-08-10T23:15:24+00:00,azure,2021-11-01T00:00:00Z,eastus,Standard_NC16as_T4_v3,Virtual Machines NCasT4 v3 Series,T4,1,savings_plan_3_year,USD,0.566362,Machine Per Hour,0.566362,machine_inclusive,2021-11-01,,
2026-08-10T23:15:24+00:00,azure,2021-11-01T00:00:00Z,eastus,Standard_NC16as_T4_v3,Virtual Machines NCasT4 v3 Series,T4,1,savings_plan_1_year,USD,0.814145,Machine Per Hour,0.814145,machine_inclusive,2021-11-01,,
2026-08-10T23:15:24+00:00,azure,2021-11-01T00:00:00Z,eastus,Standard_NC16as_T4_v3,Virtual Machines NCasT4 v3 Series,T4,1,1_year,USD,0.707991,Machine Per Hour,0.707991,machine_inclusive,2021-11-01,,
2026-08-10T23:15:24+00:00,azure,2021-11-01T00:00:00Z,eastus,Standard_NC16as_T4_v3,Virtual Machines NCasT4 v3 Series,T4,1,3_year,USD,0.452702,Machine Per Hour,0.452702,machine_inclusive,2021-11-01,,
2026-08-10T23:15:24+00:00,azure,2026-04-01T00:00:00Z,eastus,Standard_NC16lds_xl_RTXPRO6000BSE_v6,Virtual Machines NCldsxlRTX6kv6,,,on_demand,USD,1.13,Machine Per Hour,,,2026-04-01,,machine not in the GPU count table -- add it to azure.py
2026-08-10T23:15:24+00:00,azure,2026-04-01T00:00:00Z,eastus,Standard_NC16lds_xl_RTXPRO6000BSE_v6,Virtual Machines NCldsxlRTX6kv6,,,savings_plan_3_year,USD,0.7006,Machine Per Hour,,,2026-04-01,,machine not in the GPU count table -- add it to azure.py
2026-08-10T23:15:24+00:00,azure,2026-04-01T00:00:00Z,eastus,Standard_NC16lds_xl_RTXPRO6000BSE_v6,Virtual Machines NCldsxlRTX6kv6,,,savings_plan_1_year,USD,0.9492,Machine Per Hour,,,2026-04-01,,machine not in the GPU count table -- add it to azure.py
2026-08-10T23:15:24+00:00,azure,2026-07-01T00:00:00Z,eastus,Standard_NC64as_T4_v3,Virtual Machines NCasT4 v3 Series,T4,4,spot,USD,1.487078,Machine Per Hour,0.371769,machine_inclusive,2026-07-01,2026-07-31,
2026-08-10T23:15:24+00:00,azure,2026-08-01T00:00:00Z,eastus,Standard_NC64as_T4_v3,Virtual Machines NCasT4 v3 Series,T4,4,spot,USD,1.26208,Machine Per Hour,0.31552,machine_inclusive,2026-08-01,,
2026-08-10T23:15:24+00:00,azure,2025-09-01T00:00:00Z,eastus,Standard_NP10s,Virtual Machines NP Series,,,spot,USD,0.30492,Machine Per Hour,,,2025-09-01,,machine not in the GPU count table -- add it to azure.py
2026-08-10T23:15:24+00:00,azure,2026-01-01T00:00:00Z,eastus,Standard_NC12s_v3,Virtual Machines NCSv3 Series,V100,2,on_demand,USD,6.12,Machine Per Hour,3.06,machine_inclusive,2026-01-01,,
2026-08-10T23:15:24+00:00,azure,2026-01-01T00:00:00Z,eastus,Standard_NC12s_v3,Virtual Machines NCSv3 Series,V100,2,savings_plan_3_year,USD,3.256452,Machine Per Hour,1.628226,machine_inclusive,2026-01-01,,
2026-08-10T23:15:24+00:00,azure,2026-01-01T00:00:00Z,eastus,Standard_NC12s_v3,Virtual Machines NCSv3 Series,V100,2,savings_plan_1_year,USD,4.48596,Machine Per Hour,2.24298,machine_inclusive,2026-01-01,,
2026-08-10T23:15:24+00:00,azure,2025-07-01T00:00:00Z,eastus,Standard_NV24ads_V710_v5,Virtual Machines NVadsV710v5 Series,,,on_demand,USD,2.0,Machine Per Hour,,,2025-07-01,,machine not in the GPU count table -- add it to azure.py
2026-08-10T23:15:24+00:00,azure,2025-07-01T00:00:00Z,eastus,Standard_NV24ads_V710_v5,Virtual Machines NVadsV710v5 Series,,,savings_plan_3_year,USD,1.28,Machine Per Hour,,,2025-07-01,,machine not in the GPU count table -- add it to azure.py
2026-08-10T23:15:24+00:00,azure,2025-07-01T00:00:00Z,eastus,Standard_NV24ads_V710_v5,Virtual Machines NVadsV710v5 Series,,,savings_plan_1_year,USD,1.64,Machine Per Hour,,,2025-07-01,,machine not in the GPU count table -- add it to azure.py
2026-08-10T23:15:24+00:00,azure,2025-07-01T00:00:00Z,eastus,Standard_NV24ads_V710_v5,Virtual Machines NVadsV710v5 Series,,,1_year,USD,1.55,Machine Per Hour,,,2025-07-01,,machine not in the GPU count table -- add it to azure.py
2026-08-10T23:15:24+00:00,azure,2025-07-01T00:00:00Z,eastus,Standard_NV24ads_V710_v5,Virtual Machines NVadsV710v5 Series,,,3_year,USD,1.1,Machine Per Hour,,,2025-07-01,,machine not in the GPU count table -- add it to azure.py
2026-08-10T23:15:24+00:00,azure,2025-03-01T00:00:00Z,eastus,Standard_ND96asr_v4,Virtual Machines NDasr A100 v4 Series,A100,8,spot,USD,5.98334,Machine Per Hour,0.747918,machine_inclusive,2025-03-01,,
2026-08-10T23:15:24+00:00,azure,2024-12-01T00:00:00Z,eastus,Standard_NM16ads_MA35D  ,Virtual Machines NMadsMA35D Series,,,on_demand,USD,1.95,Machine Per Hour,,,2024-12-01,,machine not in the GPU count table -- add it to azure.py
2026-08-10T23:15:24+00:00,azure,2024-12-01T00:00:00Z,eastus,Standard_NM16ads_MA35D  ,Virtual Machines NMadsMA35D Series,,,1_year,USD,1.247945,Machine Per Hour,,,2024-12-01,,machine not in the GPU count table -- add it to azure.py
2026-08-10T23:15:24+00:00,azure,2024-12-01T00:00:00Z,eastus,Standard_NM16ads_MA35D  ,Virtual Machines NMadsMA35D Series,,,3_year,USD,0.857991,Machine Per Hour,,,2024-12-01,,machine not in the GPU count table -- add it to azure.py
2026-08-10T23:15:24+00:00,azure,2026-07-01T00:00:00Z,eastus,Standard_NC24ads_A100_v4,NCads A100 v4 Series Linux,A100,1,spot,USD,0.67877,Machine Per Hour,0.67877,machine_inclusive,2026-07-01,,
2026-08-10T23:15:24+00:00,azure,2023-12-01T00:00:00Z,eastus,Standard_ND96is_H100_v5,Virtual Machines NDsr H100 v5 Series,H100,8,on_demand,USD,88.488,Machine Per Hour,11.061,machine_inclusive,2023-12-01,,
2026-08-10T23:15:24+00:00,azure,2023-12-01T00:00:00Z,eastus,Standard_ND96is_H100_v5,Virtual Machines NDsr H100 v5 Series,H100,8,1_year,USD,56.632306,Machine Per Hour,7.079038,machine_inclusive,2023-12-01,,
2026-08-10T23:15:24+00:00,azure,2023-12-01T00:00:00Z,eastus,Standard_ND96is_H100_v5,Virtual Machines NDsr H100 v5 Series,H100,8,3_year,USD,38.846233,Machine Per Hour,4.855779,machine_inclusive,2023-12-01,,
2026-08-10T23:15:24+00:00,azure,2023-12-01T00:00:00Z,eastus,Standard_ND96is_H100_v5,Virtual Machines NDsr H100 v5 Series,H100,8,5_year,USD,35.395205,Machine Per Hour,4.424401,machine_inclusive,2023-12-01,,
2026-08-10T23:15:24+00:00,azure,2026-07-01T00:00:00Z,eastus,Standard_NC40ads_H100_v5,Virtual Machines NCadsH100v5 Series,H100,1,spot,USD,1.40298,Machine Per Hour,1.40298,machine_inclusive,2026-07-01,2026-07-31,
2026-08-10T23:15:24+00:00,azure,2026-08-01T00:00:00Z,eastus,Standard_NC40ads_H100_v5,Virtual Machines NCadsH100v5 Series,H100,1,spot,USD,1.289904,Machine Per Hour,1.289904,machine_inclusive,2026-08-01,,
2026-08-10T23:15:24+00:00,azure,2026-04-01T00:00:00Z,eastus,Standard_NC64lds_xl_RTXPRO6000BSE_v6,Virtual Machines NCldsxlRTX6kv6,,,on_demand,USD,2.44,Machine Per Hour,,,2026-04-01,,machine not in the GPU count table -- add it to azure.py
2026-08-10T23:15:24+00:00,azure,2026-04-01T00:00:00Z,eastus,Standard_NC64lds_xl_RTXPRO6000BSE_v6,Virtual Machines NCldsxlRTX6kv6,,,savings_plan_3_year,USD,1.5128,Machine Per Hour,,,2026-04-01,,machine not in the GPU count table -- add it to azure.py
2026-08-10T23:15:24+00:00,azure,2026-04-01T00:00:00Z,eastus,Standard_NC64lds_xl_RTXPRO6000BSE_v6,Virtual Machines NCldsxlRTX6kv6,,,savings_plan_1_year,USD,2.0496,Machine Per Hour,,,2026-04-01,,machine not in the GPU count table -- add it to azure.py
2026-08-10T23:15:24+00:00,azure,2021-06-01T00:00:00Z,eastus,Standard_ND96asr_A100_v4,Virtual Machines NDasr A100 v4 Series,A100,8,on_demand,USD,27.197,Machine Per Hour,3.399625,machine_inclusive,2021-06-01,,
2026-08-10T23:15:24+00:00,azure,2021-06-01T00:00:00Z,eastus,Standard_ND96asr_A100_v4,Virtual Machines NDasr A100 v4 Series,A100,8,savings_plan_3_year,USD,13.625697,Machine Per Hour,1.703212,machine_inclusive,2021-06-01,,
2026-08-10T23:15:24+00:00,azure,2021-06-01T00:00:00Z,eastus,Standard_ND96asr_A100_v4,Virtual Machines NDasr A100 v4 Series,A100,8,savings_plan_1_year,USD,22.619745,Machine Per Hour,2.827468,machine_inclusive,2021-06-01,,
2026-08-10T23:15:24+00:00,azure,2021-06-01T00:00:00Z,eastus,Standard_ND96asr_A100_v4,Virtual Machines NDasr A100 v4 Series,A100,8,1_year,USD,18.828311,Machine Per Hour,2.353539,machine_inclusive,2021-06-01,,
2026-08-10T23:15:24+00:00,azure,2021-06-01T00:00:00Z,eastus,Standard_ND96asr_A100_v4,Virtual Machines NDasr A100 v4 Series,A100,8,3_year,USD,10.878729,Machine Per Hour,1.359841,machine_inclusive,2021-06-01,,
2026-08-10T23:15:24+00:00,azure,2023-09-01T00:00:00Z,eastus,Standard_ND96ams_A100_v4,Virtual Machines NDamsr A100 v4 Series Linux,A100,8,on_demand,USD,32.77,Machine Per Hour,4.09625,machine_inclusive,2023-09-01,,
2026-08-10T23:15:24+00:00,azure,2023-09-01T00:00:00Z,eastus,Standard_ND96ams_A100_v4,Virtual Machines NDamsr A100 v4 Series Linux,A100,8,savings_plan_3_year,USD,17.010907,Machine Per Hour,2.126363,machine_inclusive,2023-09-01,,
2026-08-10T23:15:24+00:00,azure,2023-09-01T00:00:00Z,eastus,Standard_ND96ams_A100_v4,Virtual Machines NDamsr A100 v4 Series Linux,A100,8,savings_plan_1_year,USD,28.244463,Machine Per Hour,3.530558,machine_inclusive,2023-09-01,,
2026-08-10T23:15:24+00:00,azure,2023-09-01T00:00:00Z,eastus,Standard_ND96ams_A100_v4,Virtual Machines NDamsr A100 v4 Series Linux,A100,8,1_year,USD,20.972831,Machine Per Hour,2.621604,machine_inclusive,2023-09-01,,
2026-08-10T23:15:24+00:00,azure,2023-09-01T00:00:00Z,eastus,Standard_ND96ams_A100_v4,Virtual Machines NDamsr A100 v4 Series Linux,A100,8,3_year,USD,14.418798,Machine Per Hour,1.80235,machine_inclusive,2023-09-01,,
2026-08-10T23:15:24+00:00,azure,2025-09-01T00:00:00Z,eastus,Standard_NP40s,Virtual Machines NP Series,,,spot,USD,1.21968,Machine Per Hour,,,2025-09-01,,machine not in the GPU count table -- add it to azure.py
2026-08-10T23:15:24+00:00,azure,2026-04-01T00:00:00Z,eastus,Standard_NC72ds_xl_RTXPRO6000BSE_v6,Virtual Machines NCdsxlRTX6kv6,RTX PRO 6000,0.5,spot,USD,0.566,Machine Per Hour,1.132,machine_inclusive,2026-04-01,2026-07-31,extrapolated from a partitioned GPU slice (0.5000 of one RTX PRO 6000)
2026-08-10T23:15:24+00:00,azure,2026-08-01T00:00:00Z,eastus,Standard_NC72ds_xl_RTXPRO6000BSE_v6,Virtual Machines NCdsxlRTX6kv6,RTX PRO 6000,0.5,spot,USD,0.522984,Machine Per Hour,1.045968,machine_inclusive,2026-08-01,,extrapolated from a partitioned GPU slice (0.5000 of one RTX PRO 6000)
2026-08-10T23:15:24+00:00,azure,2026-01-01T00:00:00Z,eastus,Standard_ND96is_flex_H100_v5,Virtual Machines NDsfH100v5 Series,H100,8,spot,USD,16.352582,Machine Per Hour,2.044073,machine_inclusive,2026-01-01,,
2026-08-10T23:15:24+00:00,azure,2026-04-01T00:00:00Z,eastus,Standard_NC64ds_xl_RTXPRO6000BSE_v6,Virtual Machines NCdsxlRTX6kv6,,,on_demand,USD,2.83,Machine Per Hour,,,2026-04-01,,machine not in the GPU count table -- add it to azure.py
2026-08-10T23:15:24+00:00,azure,2026-04-01T00:00:00Z,eastus,Standard_NC64ds_xl_RTXPRO6000BSE_v6,Virtual Machines NCdsxlRTX6kv6,,,savings_plan_3_year,USD,1.7546,Machine Per Hour,,,2026-04-01,,machine not in the GPU count table -- add it to azure.py
2026-08-10T23:15:24+00:00,azure,2026-04-01T00:00:00Z,eastus,Standard_NC64ds_xl_RTXPRO6000BSE_v6,Virtual Machines NCdsxlRTX6kv6,,,savings_plan_1_year,USD,2.3772,Machine Per Hour,,,2026-04-01,,machine not in the GPU count table -- add it to azure.py
2026-08-10T23:15:24+00:00,azure,2025-09-01T00:00:00Z,eastus,Standard_NV4as_v4,Virtual Machines NVasv4 Series,,,spot,USD,0.043058,Machine Per Hour,,,2025-09-01,,machine not in the GPU count table -- add it to azure.py
2026-08-10T23:15:24+00:00,azure,2026-01-01T00:00:00Z,eastus,Standard_NC24rs_v3,Virtual Machines NCSv3 Series,V100,4,spot,USD,2.487408,Machine Per Hour,0.621852,machine_inclusive,2026-01-01,,
2026-08-10T23:15:24+00:00,azure,2026-07-01T00:00:00Z,eastus,Standard_NC96ads_A100_v4,NCads A100 v4 Series Linux,A100,4,spot,USD,2.715082,Machine Per Hour,0.678771,machine_inclusive,2026-07-01,,
2026-08-10T23:15:24+00:00,azure,2025-08-01T00:00:00Z,eastus,Standard_NV24ads_V710_v5,Virtual Machines NVadsV710v5 Series,,,spot,USD,0.3696,Machine Per Hour,,,2025-08-01,,machine not in the GPU count table -- add it to azure.py
2026-08-10T23:15:24+00:00,azure,2026-06-01T00:00:00Z,eastus,Standard_NC144lds_xl_RTXPRO6000BSE_v6,Virtual Machines NCldsxlRTX6kv6,RTX PRO 6000,1,spot,USD,1.1,Machine Per Hour,1.1,machine_inclusive,2026-06-01,2026-07-31,
2026-08-10T23:15:24+00:00,azure,2026-08-01T00:00:00Z,eastus,Standard_NC144lds_xl_RTXPRO6000BSE_v6,Virtual Machines NCldsxlRTX6kv6,RTX PRO 6000,1,spot,USD,1.0164,Machine Per Hour,1.0164,machine_inclusive,2026-08-01,,
2026-08-10T23:15:24+00:00,azure,2026-04-01T00:00:00Z,eastus,Standard_NC256lds_xl_RTXPRO6000BSE_v6,Virtual Machines NCldsxlRTX6kv6,,,spot,USD,2.2,Machine Per Hour,,,2026-04-01,2026-07-31,machine not in the GPU count table -- add it to azure.py
2026-08-10T23:15:24+00:00,azure,2026-08-01T00:00:00Z,eastus,Standard_NC256lds_xl_RTXPRO6000BSE_v6,Virtual Machines NCldsxlRTX6kv6,,,spot,USD,2.0328,Machine Per Hour,,,2026-08-01,,machine not in the GPU count table -- add it to azure.py
2026-08-10T23:15:24+00:00,azure,2026-04-01T00:00:00Z,eastus,Standard_NC36ds_xl_RTXPRO6000BSE_v6,Virtual Machines NCdsxlRTX6kv6,RTX PRO 6000,0.25,spot,USD,0.2884,Machine Per Hour,1.1536,machine_inclusive,2026-04-01,2026-07-31,extrapolated from a partitioned GPU slice (0.2500 of one RTX PRO 6000)
2026-08-10T23:15:24+00:00,azure,2026-08-01T00:00:00Z,eastus,Standard_NC36ds_xl_RTXPRO6000BSE_v6,Virtual Machines NCdsxlRTX6kv6,RTX PRO 6000,0.25,spot,USD,0.266482,Machine Per Hour,1.065928,machine_inclusive,2026-08-01,,extrapolated from a partitioned GPU slice (0.2500 of one RTX PRO 6000)
2026-08-10T23:15:24+00:00,azure,2026-06-01T00:00:00Z,eastus,Standard_NC288ds_xl_RTXPRO6000BSE_v6,Virtual Machines NCdsxlRTX6kv6,RTX PRO 6000,2,spot,USD,2.2,Machine Per Hour,1.1,machine_inclusive,2026-06-01,2026-07-31,
2026-08-10T23:15:24+00:00,azure,2026-08-01T00:00:00Z,eastus,Standard_NC288ds_xl_RTXPRO6000BSE_v6,Virtual Machines NCdsxlRTX6kv6,RTX PRO 6000,2,spot,USD,2.0328,Machine Per Hour,1.0164,machine_inclusive,2026-08-01,,
2026-08-10T23:15:24+00:00,azure,2025-12-01T00:00:00Z,eastus,Standard_NV18ads_A10_v5,Virtual Machines NVadsA10v5 Series,A10,0.5,spot,USD,0.29568,Machine Per Hour,0.59136,machine_inclusive,2025-12-01,,extrapolated from a partitioned GPU slice (0.5000 of one A10)
2026-08-10T23:15:24+00:00,azure,2025-08-01T00:00:00Z,eastus,Standard_ND128isr_NDR_GB200_v6,Virtual Machines NDsrGB200NDRv6 Series,GB200,4,spot,USD,108.16,Machine Per Hour,27.04,machine_inclusive,2025-08-01,,
2026-08-10T23:15:24+00:00,azure,2021-03-01T00:00:00Z,eastus,Standard_NV16as_v4,Virtual Machines NVasv4 Series,,,on_demand,USD,0.932,Machine Per Hour,,,2021-03-01,,machine not in the GPU count table -- add it to azure.py
2026-08-10T23:15:24+00:00,azure,2021-03-01T00:00:00Z,eastus,Standard_NV16as_v4,Virtual Machines NVasv4 Series,,,savings_plan_3_year,USD,0.574951,Machine Per Hour,,,2021-03-01,,machine not in the GPU count table -- add it to azure.py
2026-08-10T23:15:24+00:00,azure,2021-03-01T00:00:00Z,eastus,Standard_NV16as_v4,Virtual Machines NVasv4 Series,,,savings_plan_1_year,USD,0.775797,Machine Per Hour,,,2021-03-01,,machine not in the GPU count table -- add it to azure.py
2026-08-10T23:15:24+00:00,azure,2022-06-01T00:00:00Z,eastus,Standard_NC48ads_A100_v4,NCads A100 v4 Series Linux,A100,2,on_demand,USD,7.346,Machine Per Hour,3.673,machine_inclusive,2022-06-01,,
2026-08-10T23:15:24+00:00,azure,2022-06-01T00:00:00Z,eastus,Standard_NC48ads_A100_v4,NCads A100 v4 Series Linux,A100,2,savings_plan_3_year,USD,4.531747,Machine Per Hour,2.265874,machine_inclusive,2022-06-01,,
2026-08-10T23:15:24+00:00,azure,2022-06-01T00:00:00Z,eastus,Standard_NC48ads_A100_v4,NCads A100 v4 Series Linux,A100,2,savings_plan_1_year,USD,6.11481,Machine Per Hour,3.057405,machine_inclusive,2022-06-01,,
2026-08-10T23:15:24+00:00,azure,2022-06-01T00:00:00Z,eastus,Standard_NC48ads_A100_v4,NCads A100 v4 Series Linux,A100,2,1_year,USD,4.802055,Machine Per Hour,2.401027,machine_inclusive,2022-06-01,,
2026-08-10T23:15:24+00:00,azure,2022-06-01T00:00:00Z,eastus,Standard_NC48ads_A100_v4,NCads A100 v4 Series Linux,A100,2,3_year,USD,2.726104,Machine Per Hour,1.363052,machine_inclusive,2022-06-01,,
2026-08-10T23:15:24+00:00,azure,2026-04-01T00:00:00Z,eastus,Standard_NC128ds_xl_RTXPRO6000BSE_v6,Virtual Machines NCdsxlRTX6kv6,,,spot,USD,1.276,Machine Per Hour,,,2026-04-01,2026-07-31,machine not in the GPU count table -- add it to azure.py
2026-08-10T23:15:24+00:00,azure,2026-08-01T00:00:00Z,eastus,Standard_NC128ds_xl_RTXPRO6000BSE_v6,Virtual Machines NCdsxlRTX6kv6,,,spot,USD,1.179024,Machine Per Hour,,,2026-08-01,,machine not in the GPU count table -- add it to azure.py
2026-08-10T23:15:24+00:00,azure,2025-02-01T00:00:00Z,eastus,Standard_ND96is_noIB_H100_v5,Virtual Machines NDsH100v5 Series,H100,8,on_demand,USD,88.488,Machine Per Hour,11.061,machine_inclusive,2025-02-01,,
2026-08-10T23:15:24+00:00,azure,2025-02-01T00:00:00Z,eastus,Standard_ND96is_noIB_H100_v5,Virtual Machines NDsH100v5 Series,H100,8,1_year,USD,56.632306,Machine Per Hour,7.079038,machine_inclusive,2025-02-01,,
2026-08-10T23:15:24+00:00,azure,2025-02-01T00:00:00Z,eastus,Standard_ND96is_noIB_H100_v5,Virtual Machines NDsH100v5 Series,H100,8,3_year,USD,38.846233,Machine Per Hour,4.855779,machine_inclusive,2025-02-01,,
2026-08-10T23:15:24+00:00,azure,2025-02-01T00:00:00Z,eastus,Standard_ND96is_noIB_H100_v5,Virtual Machines NDsH100v5 Series,H100,8,5_year,USD,35.395205,Machine Per Hour,4.424401,machine_inclusive,2025-02-01,,
2026-08-10T23:15:24+00:00,azure,2021-11-01T00:00:00Z,eastus,Standard_NV24s_v3,Virtual Machines NVSv3 Series,,,on_demand,USD,2.28,Machine Per Hour,,,2021-11-01,,machine not in the GPU count table -- add it to azure.py
2026-08-10T23:15:24+00:00,azure,2021-11-01T00:00:00Z,eastus,Standard_NV24s_v3,Virtual Machines NVSv3 Series,,,savings_plan_3_year,USD,1.212504,Machine Per Hour,,,2021-11-01,,machine not in the GPU count table -- add it to azure.py
2026-08-10T23:15:24+00:00,azure,2021-11-01T00:00:00Z,eastus,Standard_NV24s_v3,Virtual Machines NVSv3 Series,,,savings_plan_1_year,USD,1.670328,Machine Per Hour,,,2021-11-01,,machine not in the GPU count table -- add it to azure.py
2026-08-10T23:15:24+00:00,azure,2026-06-01T00:00:00Z,eastus,Standard_NC144ds_xl_RTXPRO6000BSE_v6,Virtual Machines NCdsxlRTX6kv6,RTX PRO 6000,1,spot,USD,1.1,Machine Per Hour,1.1,machine_inclusive,2026-06-01,2026-07-31,
2026-08-10T23:15:24+00:00,azure,2026-08-01T00:00:00Z,eastus,Standard_NC144ds_xl_RTXPRO6000BSE_v6,Virtual Machines NCdsxlRTX6kv6,RTX PRO 6000,1,spot,USD,1.179024,Machine Per Hour,1.179024,machine_inclusive,2026-08-01,,
2026-08-10T23:15:24+00:00,azure,2025-08-01T00:00:00Z,eastus,Standard_NV8ads_V710_v5,Virtual Machines NVadsV710v5 Series,,,spot,USD,0.123262,Machine Per Hour,,,2025-08-01,,machine not in the GPU count table -- add it to azure.py
2026-08-10T23:15:24+00:00,azure,2021-03-01T00:00:00Z,eastus,Standard_NV4as_v4,Virtual Machines NVasv4 Series,,,on_demand,USD,0.233,Machine Per Hour,,,2021-03-01,,machine not in the GPU count table -- add it to azure.py
2026-08-10T23:15:24+00:00,azure,2021-03-01T00:00:00Z,eastus,Standard_NV4as_v4,Virtual Machines NVasv4 Series,,,savings_plan_3_year,USD,0.143738,Machine Per Hour,,,2021-03-01,,machine not in the GPU count table -- add it to azure.py
2026-08-10T23:15:24+00:00,azure,2021-03-01T00:00:00Z,eastus,Standard_NV4as_v4,Virtual Machines NVasv4 Series,,,savings_plan_1_year,USD,0.193949,Machine Per Hour,,,2021-03-01,,machine not in the GPU count table -- add it to azure.py
2026-08-10T23:15:24+00:00,azure,2026-04-01T00:00:00Z,eastus,Standard_NC8lds_xl_RTXPRO6000BSE_v6,Virtual Machines NCldsxlRTX6kv6,,,on_demand,USD,0.55,Machine Per Hour,,,2026-04-01,,machine not in the GPU count table -- add it to azure.py
2026-08-10T23:15:24+00:00,azure,2026-04-01T00:00:00Z,eastus,Standard_NC8lds_xl_RTXPRO6000BSE_v6,Virtual Machines NCldsxlRTX6kv6,,,savings_plan_3_year,USD,0.341,Machine Per Hour,,,2026-04-01,,machine not in the GPU count table -- add it to azure.py
2026-08-10T23:15:24+00:00,azure,2026-04-01T00:00:00Z,eastus,Standard_NC8lds_xl_RTXPRO6000BSE_v6,Virtual Machines NCldsxlRTX6kv6,,,savings_plan_1_year,USD,0.462,Machine Per Hour,,,2026-04-01,,machine not in the GPU count table -- add it to azure.py
2026-08-10T23:15:24+00:00,azure,2025-12-01T00:00:00Z,eastus,Standard_NV72ads_A10_v5,Virtual Machines NVadsA10v5 Series,A10,2,spot,USD,1.204896,Machine Per Hour,0.602448,machine_inclusive,2025-12-01,,
2026-08-10T23:15:24+00:00,azure,2026-04-01T00:00:00Z,eastus,Standard_NC36lds_xl_RTXPRO6000BSE_v6,Virtual Machines NCldsxlRTX6kv6,RTX PRO 6000,0.25,spot,USD,0.2486,Machine Per Hour,0.9944,machine_inclusive,2026-04-01,2026-07-31,extrapolated from a partitioned GPU slice (0.2500 of one RTX PRO 6000)
2026-08-10T23:15:24+00:00,azure,2026-08-01T00:00:00Z,eastus,Standard_NC36lds_xl_RTXPRO6000BSE_v6,Virtual Machines NCldsxlRTX6kv6,RTX PRO 6000,0.25,spot,USD,0.229706,Machine Per Hour,0.918824,machine_inclusive,2026-08-01,,extrapolated from a partitioned GPU slice (0.2500 of one RTX PRO 6000)
2026-08-10T23:15:24+00:00,azure,2020-11-01T00:00:00Z,eastus,Standard_NV12_Promo,Virtual Machines NV Promo Series,,,on_demand,USD,1.368,Machine Per Hour,,,2020-11-01,,machine not in the GPU count table -- add it to azure.py
2026-08-10T23:15:24+00:00,azure,2026-04-01T00:00:00Z,eastus,Standard_NC324ds_xl_RTXPRO6000BSE_v6,Virtual Machines NCdsxlRTX6kv6,,,spot,USD,3.3176,Machine Per Hour,,,2026-04-01,2026-07-31,machine not in the GPU count table -- add it to azure.py
2026-08-10T23:15:24+00:00,azure,2026-08-01T00:00:00Z,eastus,Standard_NC324ds_xl_RTXPRO6000BSE_v6,Virtual Machines NCdsxlRTX6kv6,,,spot,USD,3.065462,Machine Per Hour,,,2026-08-01,,machine not in the GPU count table -- add it to azure.py
2026-08-10T23:15:24+00:00,azure,2021-05-01T00:00:00Z,eastus,Standard_NP20s,Virtual Machines NP Series,,,on_demand,USD,3.3,Machine Per Hour,,,2021-05-01,,machine not in the GPU count table -- add it to azure.py
2026-08-10T23:15:24+00:00,azure,2021-05-01T00:00:00Z,eastus,Standard_NP20s,Virtual Machines NP Series,,,savings_plan_3_year,USD,1.71864,Machine Per Hour,,,2021-05-01,,machine not in the GPU count table -- add it to azure.py
2026-08-10T23:15:24+00:00,azure,2021-05-01T00:00:00Z,eastus,Standard_NP20s,Virtual Machines NP Series,,,savings_plan_1_year,USD,2.39481,Machine Per Hour,,,2021-05-01,,machine not in the GPU count table -- add it to azure.py
2026-08-10T23:15:24+00:00,azure,2024-03-01T00:00:00Z,eastus,Standard_NC40ads_H100_v5,Virtual Machines NCadsH100v5 Series,H100,1,on_demand,USD,6.98,Machine Per Hour,6.98,machine_inclusive,2024-03-01,,
2026-08-10T23:15:24+00:00,azure,2024-03-01T00:00:00Z,eastus,Standard_NC40ads_H100_v5,Virtual Machines NCadsH100v5 Series,H100,1,savings_plan_3_year,USD,4.305962,Machine Per Hour,4.305962,machine_inclusive,2024-03-01,,
2026-08-10T23:15:24+00:00,azure,2024-03-01T00:00:00Z,eastus,Standard_NC40ads_H100_v5,Virtual Machines NCadsH100v5 Series,H100,1,savings_plan_1_year,USD,5.806662,Machine Per Hour,5.806662,machine_inclusive,2024-03-01,,
2026-08-10T23:15:24+00:00,azure,2024-03-01T00:00:00Z,eastus,Standard_NC40ads_H100_v5,Virtual Machines NCadsH100v5 Series,H100,1,1_year,USD,5.235046,Machine Per Hour,5.235046,machine_inclusive,2024-03-01,,
2026-08-10T23:15:24+00:00,azure,2024-03-01T00:00:00Z,eastus,Standard_NC40ads_H100_v5,Virtual Machines NCadsH100v5 Series,H100,1,3_year,USD,3.839003,Machine Per Hour,3.839003,machine_inclusive,2024-03-01,,
2026-08-10T23:15:24+00:00,azure,2026-06-01T00:00:00Z,eastus,Standard_NC144lds_xl_RTXPRO6000BSE_v6,Virtual Machines NCldsxlRTX6kv6,RTX PRO 6000,1,on_demand,USD,5.5,Machine Per Hour,5.5,machine_inclusive,2026-06-01,,
2026-08-10T23:15:24+00:00,azure,2026-06-01T00:00:00Z,eastus,Standard_NC144lds_xl_RTXPRO6000BSE_v6,Virtual Machines NCldsxlRTX6kv6,RTX PRO 6000,1,savings_plan_3_year,USD,3.41,Machine Per Hour,3.41,machine_inclusive,2026-06-01,,
2026-08-10T23:15:24+00:00,azure,2026-06-01T00:00:00Z,eastus,Standard_NC144lds_xl_RTXPRO6000BSE_v6,Virtual Machines NCldsxlRTX6kv6,RTX PRO 6000,1,savings_plan_1_year,USD,4.62,Machine Per Hour,4.62,machine_inclusive,2026-06-01,,
2026-08-10T23:15:24+00:00,azure,2026-06-01T00:00:00Z,eastus,Standard_NC144lds_xl_RTXPRO6000BSE_v6,Virtual Machines NCldsxlRTX6kv6,RTX PRO 6000,1,1_year,USD,3.519977,Machine Per Hour,3.519977,machine_inclusive,2026-06-01,,
2026-08-10T23:15:24+00:00,azure,2026-06-01T00:00:00Z,eastus,Standard_NC144lds_xl_RTXPRO6000BSE_v6,Virtual Machines NCldsxlRTX6kv6,RTX PRO 6000,1,3_year,USD,2.420015,Machine Per Hour,2.420015,machine_inclusive,2026-06-01,,
2026-08-10T23:15:24+00:00,azure,2026-04-01T00:00:00Z,eastus,Standard_NC264lds_xl_RTXPRO6000BSE_v6,Virtual Machines NCldsxlRTX6kv6,,,spot,USD,2.2,Machine Per Hour,,,2026-04-01,2026-07-31,machine not in the GPU count table -- add it to azure.py
2026-08-10T23:15:24+00:00,azure,2026-08-01T00:00:00Z,eastus,Standard_NC264lds_xl_RTXPRO6000BSE_v6,Virtual Machines NCldsxlRTX6kv6,,,spot,USD,2.0328,Machine Per Hour,,,2026-08-01,,machine not in the GPU count table -- add it to azure.py
2026-08-10T23:15:24+00:00,azure,2022-04-01T00:00:00Z,eastus,Standard_NV36ads_A10_v5,Virtual Machines NVadsA10v5 Series,A10,1,on_demand,USD,3.2,Machine Per Hour,3.2,machine_inclusive,2022-04-01,,
2026-08-10T23:15:24+00:00,azure,2022-04-01T00:00:00Z,eastus,Standard_NV36ads_A10_v5,Virtual Machines NVadsA10v5 Series,A10,1,savings_plan_3_year,USD,1.97408,Machine Per Hour,1.97408,machine_inclusive,2022-04-01,,
2026-08-10T23:15:24+00:00,azure,2022-04-01T00:00:00Z,eastus,Standard_NV36ads_A10_v5,Virtual Machines NVadsA10v5 Series,A10,1,savings_plan_1_year,USD,2.66368,Machine Per Hour,2.66368,machine_inclusive,2022-04-01,,
2026-08-10T23:15:24+00:00,azure,2022-04-01T00:00:00Z,eastus,Standard_NV36ads_A10_v5,Virtual Machines NVadsA10v5 Series,A10,1,1_year,USD,2.047945,Machine Per Hour,2.047945,machine_inclusive,2022-04-01,,
2026-08-10T23:15:24+00:00,azure,2022-04-01T00:00:00Z,eastus,Standard_NV36ads_A10_v5,Virtual Machines NVadsA10v5 Series,A10,1,3_year,USD,1.407991,Machine Per Hour,1.407991,machine_inclusive,2022-04-01,,
2026-08-10T23:15:24+00:00,azure,2025-07-01T00:00:00Z,eastus,Standard_NV28adms_V710_v5,Virtual Machines NVadsV710v5 Series,,,on_demand,USD,2.4,Machine Per Hour,,,2025-07-01,,machine not in the GPU count table -- add it to azure.py
2026-08-10T23:15:24+00:00,azure,2025-07-01T00:00:00Z,eastus,Standard_NV28adms_V710_v5,Virtual Machines NVadsV710v5 Series,,,savings_plan_3_year,USD,1.536,Machine Per Hour,,,2025-07-01,,machine not in the GPU count table -- add it to azure.py
2026-08-10T23:15:24+00:00,azure,2025-07-01T00:00:00Z,eastus,Standard_NV28adms_V710_v5,Virtual Machines NVadsV710v5 Series,,,savings_plan_1_year,USD,1.968,Machine Per Hour,,,2025-07-01,,machine not in the GPU count table -- add it to azure.py
2026-08-10T23:15:24+00:00,azure,2025-07-01T00:00:00Z,eastus,Standard_NV28adms_V710_v5,Virtual Machines NVadsV710v5 Series,,,1_year,USD,1.860046,Machine Per Hour,,,2025-07-01,,machine not in the GPU count table -- add it to azure.py
2026-08-10T23:15:24+00:00,azure,2025-07-01T00:00:00Z,eastus,Standard_NV28adms_V710_v5,Virtual Machines NVadsV710v5 Series,,,3_year,USD,1.320015,Machine Per Hour,,,2025-07-01,,machine not in the GPU count table -- add it to azure.py
2026-08-10T23:15:24+00:00,azure,2026-04-01T00:00:00Z,eastus,Standard_NC128lds_xl_RTXPRO6000BSE_v6,Virtual Machines NCldsxlRTX6kv6,,,on_demand,USD,5.5,Machine Per Hour,,,2026-04-01,,machine not in the GPU count table -- add it to azure.py
2026-08-10T23:15:24+00:00,azure,2026-04-01T00:00:00Z,eastus,Standard_NC128lds_xl_RTXPRO6000BSE_v6,Virtual Machines NCldsxlRTX6kv6,,,savings_plan_3_year,USD,3.41,Machine Per Hour,,,2026-04-01,,machine not in the GPU count table -- add it to azure.py
2026-08-10T23:15:24+00:00,azure,2026-04-01T00:00:00Z,eastus,Standard_NC128lds_xl_RTXPRO6000BSE_v6,Virtual Machines NCldsxlRTX6kv6,,,savings_plan_1_year,USD,4.62,Machine Per Hour,,,2026-04-01,,machine not in the GPU count table -- add it to azure.py
2026-08-10T23:15:24+00:00,azure,2025-08-01T00:00:00Z,eastus,Standard_NV4ads_V710_v5,Virtual Machines NVadsV710v5 Series,,,spot,USD,0.061538,Machine Per Hour,,,2025-08-01,,machine not in the GPU count table -- add it to azure.py
2026-08-10T23:15:24+00:00,azure,2025-06-01T00:00:00Z,eastus,Standard_ND96amsr_A100_v4,Virtual Machines NDamsr A100 v4 Series Linux,A100,8,spot,USD,8.5202,Machine Per Hour,1.065025,machine_inclusive,2025-06-01,,
2026-08-10T23:15:24+00:00,azure,2026-04-01T00:00:00Z,eastus,Standard_NC64ds_xl_RTXPRO6000BSE_v6,Virtual Machines NCdsxlRTX6kv6,,,spot,USD,0.566,Machine Per Hour,,,2026-04-01,,machine not in the GPU count table -- add it to azure.py
2026-08-10T23:15:24+00:00,azure,2026-04-01T00:00:00Z,eastus,Standard_NC32ds_xl_RTXPRO6000BSE_v6,Virtual Machines NCdsxlRTX6kv6,,,on_demand,USD,1.442,Machine Per Hour,,,2026-04-01,,machine not in the GPU count table -- add it to azure.py
2026-08-10T23:15:24+00:00,azure,2026-04-01T00:00:00Z,eastus,Standard_NC32ds_xl_RTXPRO6000BSE_v6,Virtual Machines NCdsxlRTX6kv6,,,savings_plan_3_year,USD,0.89404,Machine Per Hour,,,2026-04-01,,machine not in the GPU count table -- add it to azure.py
2026-08-10T23:15:24+00:00,azure,2026-04-01T00:00:00Z,eastus,Standard_NC32ds_xl_RTXPRO6000BSE_v6,Virtual Machines NCdsxlRTX6kv6,,,savings_plan_1_year,USD,1.21128,Machine Per Hour,,,2026-04-01,,machine not in the GPU count table -- add it to azure.py
2026-08-10T23:15:24+00:00,azure,2025-09-01T00:00:00Z,eastus,Standard_NV12s_v3,Virtual Machines NVSv3 Series,,,spot,USD,0.210672,Machine Per Hour,,,2025-09-01,,machine not in the GPU count table -- add it to azure.py
2026-08-10T23:15:24+00:00,azure,2026-07-01T00:00:00Z,eastus,Standard_NC80adis_H100_v5,Virtual Machines NCadsH100v5 Series,H100,2,spot,USD,2.80596,Machine Per Hour,1.40298,machine_inclusive,2026-07-01,2026-07-31,
2026-08-10T23:15:24+00:00,azure,2026-08-01T00:00:00Z,eastus,Standard_NC80adis_H100_v5,Virtual Machines NCadsH100v5 Series,H100,2,spot,USD,2.579808,Machine Per Hour,1.289904,machine_inclusive,2026-08-01,,
2026-08-10T23:15:24+00:00,azure,2021-05-01T00:00:00Z,eastus,Standard_NP40s,Virtual Machines NP Series,,,on_demand,USD,6.6,Machine Per Hour,,,2021-05-01,,machine not in the GPU count table -- add it to azure.py
2026-08-10T23:15:24+00:00,azure,2021-05-01T00:00:00Z,eastus,Standard_NP40s,Virtual Machines NP Series,,,savings_plan_3_year,USD,3.43728,Machine Per Hour,,,2021-05-01,,machine not in the GPU count table -- add it to azure.py
2026-08-10T23:15:24+00:00,azure,2021-05-01T00:00:00Z,eastus,Standard_NP40s,Virtual Machines NP Series,,,savings_plan_1_year,USD,4.78962,Machine Per Hour,,,2021-05-01,,machine not in the GPU count table -- add it to azure.py
2026-08-10T23:15:24+00:00,azure,2026-04-01T00:00:00Z,eastus,Standard_NC256ds_xl_RTXPRO6000BSE_v6,Virtual Machines NCdsxlRTX6kv6,,,spot,USD,2.552,Machine Per Hour,,,2026-04-01,2026-07-31,machine not in the GPU count table -- add it to azure.py
2026-08-10T23:15:24+00:00,azure,2026-08-01T00:00:00Z,eastus,Standard_NC256ds_xl_RTXPRO6000BSE_v6,Virtual Machines NCdsxlRTX6kv6,,,spot,USD,2.358048,Machine Per Hour,,,2026-08-01,,machine not in the GPU count table -- add it to azure.py
2026-08-10T23:15:24+00:00,azure,2026-01-01T00:00:00Z,eastus,Standard_NC12s_v3,Virtual Machines NCSv3 Series,V100,2,spot,USD,1.130976,Machine Per Hour,0.565488,machine_inclusive,2026-01-01,,
2026-08-10T23:15:24+00:00,azure,2026-04-01T00:00:00Z,eastus,Standard_NC256lds_xl_RTXPRO6000BSE_v6,Virtual Machines NCldsxlRTX6kv6,,,on_demand,USD,11.0,Machine Per Hour,,,2026-04-01,,machine not in the GPU count table -- add it to azure.py
2026-08-10T23:15:24+00:00,azure,2026-04-01T00:00:00Z,eastus,Standard_NC256lds_xl_RTXPRO6000BSE_v6,Virtual Machines NCldsxlRTX6kv6,,,savings_plan_3_year,USD,6.82,Machine Per Hour,,,2026-04-01,,machine not in the GPU count table -- add it to azure.py
2026-08-10T23:15:24+00:00,azure,2026-04-01T00:00:00Z,eastus,Standard_NC256lds_xl_RTXPRO6000BSE_v6,Virtual Machines NCldsxlRTX6kv6,,,savings_plan_1_year,USD,9.24,Machine Per Hour,,,2026-04-01,,machine not in the GPU count table -- add it to azure.py
2026-08-10T23:15:24+00:00,azure,2025-07-01T00:00:00Z,eastus,Standard_NV12ads_V710_v5,Virtual Machines NVadsV710v5 Series,,,on_demand,USD,1.0,Machine Per Hour,,,2025-07-01,,machine not in the GPU count table -- add it to azure.py
2026-08-10T23:15:24+00:00,azure,2025-07-01T00:00:00Z,eastus,Standard_NV12ads_V710_v5,Virtual Machines NVadsV710v5 Series,,,savings_plan_3_year,USD,0.64,Machine Per Hour,,,2025-07-01,,machine not in the GPU count table -- add it to azure.py
2026-08-10T23:15:24+00:00,azure,2025-07-01T00:00:00Z,eastus,Standard_NV12ads_V710_v5,Virtual Machines NVadsV710v5 Series,,,savings_plan_1_year,USD,0.82,Machine Per Hour,,,2025-07-01,,machine not in the GPU count table -- add it to azure.py
2026-08-10T23:15:24+00:00,azure,2025-07-01T00:00:00Z,eastus,Standard_NV12ads_V710_v5,Virtual Machines NVadsV710v5 Series,,,1_year,USD,0.775,Machine Per Hour,,,2025-07-01,,machine not in the GPU count table -- add it to azure.py
2026-08-10T23:15:24+00:00,azure,2025-07-01T00:00:00Z,eastus,Standard_NV12ads_V710_v5,Virtual Machines NVadsV710v5 Series,,,3_year,USD,0.55,Machine Per Hour,,,2025-07-01,,machine not in the GPU count table -- add it to azure.py
2026-08-10T23:15:24+00:00,azure,2026-07-01T00:00:00Z,eastus,Standard_NC8as_T4_v3,Virtual Machines NCasT4 v3 Series,T4,1,spot,USD,0.256958,Machine Per Hour,0.256958,machine_inclusive,2026-07-01,2026-07-31,
2026-08-10T23:15:24+00:00,azure,2026-08-01T00:00:00Z,eastus,Standard_NC8as_T4_v3,Virtual Machines NCasT4 v3 Series,T4,1,spot,USD,0.21808,Machine Per Hour,0.21808,machine_inclusive,2026-08-01,,
2026-08-10T23:15:24+00:00,azure,2025-12-01T00:00:00Z,eastus,Standard_NV12ads_A10_v5,Virtual Machines NVadsA10v5 Series,A10,0.3333,spot,USD,0.167798,Machine Per Hour,0.503394,machine_inclusive,2025-12-01,,extrapolated from a partitioned GPU slice (0.3333 of one A10)
2026-08-10T23:15:24+00:00,azure,2021-03-01T00:00:00Z,eastus,Standard_ND96asr_v4,Virtual Machines NDasr A100 v4 Series,A100,8,on_demand,USD,27.197,Machine Per Hour,3.399625,machine_inclusive,2021-03-01,,
2026-08-10T23:15:24+00:00,azure,2021-03-01T00:00:00Z,eastus,Standard_ND96asr_v4,Virtual Machines NDasr A100 v4 Series,A100,8,savings_plan_3_year,USD,13.625697,Machine Per Hour,1.703212,machine_inclusive,2021-03-01,,
2026-08-10T23:15:24+00:00,azure,2021-03-01T00:00:00Z,eastus,Standard_ND96asr_v4,Virtual Machines NDasr A100 v4 Series,A100,8,savings_plan_1_year,USD,22.619745,Machine Per Hour,2.827468,machine_inclusive,2021-03-01,,
2026-08-10T23:15:24+00:00,azure,2021-05-01T00:00:00Z,eastus,Standard_ND96asr_v4,Virtual Machines NDasr A100 v4 Series,A100,8,1_year,USD,18.828311,Machine Per Hour,2.353539,machine_inclusive,2021-05-01,,
2026-08-10T23:15:24+00:00,azure,2021-05-01T00:00:00Z,eastus,Standard_ND96asr_v4,Virtual Machines NDasr A100 v4 Series,A100,8,3_year,USD,10.878729,Machine Per Hour,1.359841,machine_inclusive,2021-05-01,,
2026-08-10T23:15:24+00:00,azure,2022-04-01T00:00:00Z,eastus,Standard_NV72ads_A10_v5,Virtual Machines NVadsA10v5 Series,A10,2,on_demand,USD,6.52,Machine Per Hour,3.26,machine_inclusive,2022-04-01,,
2026-08-10T23:15:24+00:00,azure,2022-04-01T00:00:00Z,eastus,Standard_NV72ads_A10_v5,Virtual Machines NVadsA10v5 Series,A10,2,savings_plan_3_year,USD,4.022188,Machine Per Hour,2.011094,machine_inclusive,2022-04-01,,
2026-08-10T23:15:24+00:00,azure,2022-04-01T00:00:00Z,eastus,Standard_NV72ads_A10_v5,Virtual Machines NVadsA10v5 Series,A10,2,savings_plan_1_year,USD,5.427248,Machine Per Hour,2.713624,machine_inclusive,2022-04-01,,
2026-08-10T23:15:24+00:00,azure,2022-04-01T00:00:00Z,eastus,Standard_NV72ads_A10_v5,Virtual Machines NVadsA10v5 Series,A10,2,1_year,USD,4.172831,Machine Per Hour,2.086416,machine_inclusive,2022-04-01,,
2026-08-10T23:15:24+00:00,azure,2022-04-01T00:00:00Z,eastus,Standard_NV72ads_A10_v5,Virtual Machines NVadsA10v5 Series,A10,2,3_year,USD,2.868798,Machine Per Hour,1.434399,machine_inclusive,2022-04-01,,
2026-08-10T23:15:24+00:00,azure,2018-09-04T00:00:00Z,eastus,Standard_ND40s_v2,Virtual Machines NDSv2 Series,V100,8,on_demand,USD,12.24,Machine Per Hour,1.53,machine_inclusive,2018-09-04,,
2026-08-10T23:15:24+00:00,azure,2022-06-01T00:00:00Z,eastus,Standard_NC24ads_A100_v4,NCads A100 v4 Series Linux,A100,1,on_demand,USD,3.673,Machine Per Hour,3.673,machine_inclusive,2022-06-01,,
2026-08-10T23:15:24+00:00,azure,2022-06-01T00:00:00Z,eastus,Standard_NC24ads_A100_v4,NCads A100 v4 Series Linux,A100,1,savings_plan_3_year,USD,2.265874,Machine Per Hour,2.265874,machine_inclusive,2022-06-01,,
2026-08-10T23:15:24+00:00,azure,2022-06-01T00:00:00Z,eastus,Standard_NC24ads_A100_v4,NCads A100 v4 Series Linux,A100,1,savings_plan_1_year,USD,3.057405,Machine Per Hour,3.057405,machine_inclusive,2022-06-01,,
2026-08-10T23:15:24+00:00,azure,2022-06-01T00:00:00Z,eastus,Standard_NC24ads_A100_v4,NCads A100 v4 Series Linux,A100,1,1_year,USD,2.401027,Machine Per Hour,2.401027,machine_inclusive,2022-06-01,,
2026-08-10T23:15:24+00:00,azure,2022-06-01T00:00:00Z,eastus,Standard_NC24ads_A100_v4,NCads A100 v4 Series Linux,A100,1,3_year,USD,1.363052,Machine Per Hour,1.363052,machine_inclusive,2022-06-01,,
2026-08-10T23:15:24+00:00,azure,2025-12-01T00:00:00Z,eastus,Standard_NV36ads_A10_v5,Virtual Machines NVadsA10v5 Series,A10,1,spot,USD,0.59136,Machine Per Hour,0.59136,machine_inclusive,2025-12-01,,
2026-08-10T23:15:24+00:00,azure,2026-04-01T00:00:00Z,eastus,Standard_NC320ds_xl_RTXPRO6000BSE_v6,Virtual Machines NCdsxlRTX6kv6,,,spot,USD,3.3176,Machine Per Hour,,,2026-04-01,2026-07-31,machine not in the GPU count table -- add it to azure.py
2026-08-10T23:15:24+00:00,azure,2026-08-01T00:00:00Z,eastus,Standard_NC320ds_xl_RTXPRO6000BSE_v6,Virtual Machines NCdsxlRTX6kv6,,,spot,USD,3.065462,Machine Per Hour,,,2026-08-01,,machine not in the GPU count table -- add it to azure.py
2026-08-10T23:15:24+00:00,azure,2026-06-01T00:00:00Z,eastus,Standard_NC144ds_xl_RTXPRO6000BSE_v6,Virtual Machines NCdsxlRTX6kv6,RTX PRO 6000,1,on_demand,USD,5.5,Machine Per Hour,5.5,machine_inclusive,2026-06-01,2026-07-31,
2026-08-10T23:15:24+00:00,azure,2026-06-01T00:00:00Z,eastus,Standard_NC144ds_xl_RTXPRO6000BSE_v6,Virtual Machines NCdsxlRTX6kv6,RTX PRO 6000,1,savings_plan_3_year,USD,3.9556,Machine Per Hour,3.9556,machine_inclusive,2026-06-01,2026-07-31,
2026-08-10T23:15:24+00:00,azure,2026-06-01T00:00:00Z,eastus,Standard_NC144ds_xl_RTXPRO6000BSE_v6,Virtual Machines NCdsxlRTX6kv6,RTX PRO 6000,1,savings_plan_1_year,USD,5.3592,Machine Per Hour,5.3592,machine_inclusive,2026-06-01,2026-07-31,
2026-08-10T23:15:24+00:00,azure,2026-08-01T00:00:00Z,eastus,Standard_NC144ds_xl_RTXPRO6000BSE_v6,Virtual Machines NCdsxlRTX6kv6,RTX PRO 6000,1,on_demand,USD,6.38,Machine Per Hour,6.38,machine_inclusive,2026-08-01,,
2026-08-10T23:15:24+00:00,azure,2026-08-01T00:00:00Z,eastus,Standard_NC144ds_xl_RTXPRO6000BSE_v6,Virtual Machines NCdsxlRTX6kv6,RTX PRO 6000,1,savings_plan_3_year,USD,3.9556,Machine Per Hour,3.9556,machine_inclusive,2026-08-01,,
2026-08-10T23:15:24+00:00,azure,2026-08-01T00:00:00Z,eastus,Standard_NC144ds_xl_RTXPRO6000BSE_v6,Virtual Machines NCdsxlRTX6kv6,RTX PRO 6000,1,savings_plan_1_year,USD,5.3592,Machine Per Hour,5.3592,machine_inclusive,2026-08-01,,
2026-08-10T23:15:24+00:00,azure,2026-06-01T00:00:00Z,eastus,Standard_NC144ds_xl_RTXPRO6000BSE_v6,Virtual Machines NCdsxlRTX6kv6,RTX PRO 6000,1,1_year,USD,3.519977,Machine Per Hour,3.519977,machine_inclusive,2026-06-01,2026-07-31,
2026-08-10T23:15:24+00:00,azure,2026-08-01T00:00:00Z,eastus,Standard_NC144ds_xl_RTXPRO6000BSE_v6,Virtual Machines NCdsxlRTX6kv6,RTX PRO 6000,1,1_year,USD,4.083219,Machine Per Hour,4.083219,machine_inclusive,2026-08-01,,
2026-08-10T23:15:24+00:00,azure,2026-06-01T00:00:00Z,eastus,Standard_NC144ds_xl_RTXPRO6000BSE_v6,Virtual Machines NCdsxlRTX6kv6,RTX PRO 6000,1,3_year,USD,2.420015,Machine Per Hour,2.420015,machine_inclusive,2026-06-01,2026-07-31,
2026-08-10T23:15:24+00:00,azure,2026-08-01T00:00:00Z,eastus,Standard_NC144ds_xl_RTXPRO6000BSE_v6,Virtual Machines NCdsxlRTX6kv6,RTX PRO 6000,1,3_year,USD,2.807192,Machine Per Hour,2.807192,machine_inclusive,2026-08-01,,
2026-08-10T23:15:24+00:00,azure,2026-01-01T00:00:00Z,eastus,Standard_ND96isr_H100_v5,Virtual Machines NDsr H100 v5 Series,H100,8,spot,USD,18.169536,Machine Per Hour,2.271192,machine_inclusive,2026-01-01,,
2026-08-10T23:15:24+00:00,azure,2025-09-01T00:00:00Z,eastus,Standard_NV24s_v3,Virtual Machines NVSv3 Series,,,spot,USD,0.421344,Machine Per Hour,,,2025-09-01,,machine not in the GPU count table -- add it to azure.py
2026-08-10T23:15:24+00:00,azure,2025-09-01T00:00:00Z,eastus,Standard_NV48s_v3,Virtual Machines NVSv3 Series,,,spot,USD,0.842688,Machine Per Hour,,,2025-09-01,,machine not in the GPU count table -- add it to azure.py
2026-08-10T23:15:24+00:00,azure,2021-12-01T00:00:00Z,eastus,Standard_ND96amsr_A100_v4,Virtual Machines NDamsr A100 v4 Series Linux,A100,8,on_demand,USD,32.77,Machine Per Hour,4.09625,machine_inclusive,2021-12-01,,
2026-08-10T23:15:24+00:00,azure,2021-12-01T00:00:00Z,eastus,Standard_ND96amsr_A100_v4,Virtual Machines NDamsr A100 v4 Series Linux,A100,8,savings_plan_3_year,USD,17.010907,Machine Per Hour,2.126363,machine_inclusive,2021-12-01,,
2026-08-10T23:15:24+00:00,azure,2021-12-01T00:00:00Z,eastus,Standard_ND96amsr_A100_v4,Virtual Machines NDamsr A100 v4 Series Linux,A100,8,savings_plan_1_year,USD,28.244463,Machine Per Hour,3.530558,machine_inclusive,2021-12-01,,
2026-08-10T23:15:24+00:00,azure,2021-12-01T00:00:00Z,eastus,Standard_ND96amsr_A100_v4,Virtual Machines NDamsr A100 v4 Series Linux,A100,8,1_year,USD,20.972831,Machine Per Hour,2.621604,machine_inclusive,2021-12-01,,
2026-08-10T23:15:24+00:00,azure,2021-12-01T00:00:00Z,eastus,Standard_ND96amsr_A100_v4,Virtual Machines NDamsr A100 v4 Series Linux,A100,8,3_year,USD,14.418798,Machine Per Hour,1.80235,machine_inclusive,2021-12-01,,
2026-08-10T23:15:24+00:00,azure,2026-04-01T00:00:00Z,eastus,Standard_NC320ds_xl_RTXPRO6000BSE_v6,Virtual Machines NCdsxlRTX6kv6,,,on_demand,USD,16.588,Machine Per Hour,,,2026-04-01,,machine not in the GPU count table -- add it to azure.py
2026-08-10T23:15:24+00:00,azure,2026-04-01T00:00:00Z,eastus,Standard_NC320ds_xl_RTXPRO6000BSE_v6,Virtual Machines NCdsxlRTX6kv6,,,savings_plan_3_year,USD,10.28456,Machine Per Hour,,,2026-04-01,,machine not in the GPU count table -- add it to azure.py
2026-08-10T23:15:24+00:00,azure,2026-04-01T00:00:00Z,eastus,Standard_NC320ds_xl_RTXPRO6000BSE_v6,Virtual Machines NCdsxlRTX6kv6,,,savings_plan_1_year,USD,13.93392,Machine Per Hour,,,2026-04-01,,machine not in the GPU count table -- add it to azure.py
2026-08-10T23:15:24+00:00,azure,2026-04-01T00:00:00Z,eastus,Standard_NC32ds_xl_RTXPRO6000BSE_v6,Virtual Machines NCdsxlRTX6kv6,,,spot,USD,0.2884,Machine Per Hour,,,2026-04-01,,machine not in the GPU count table -- add it to azure.py
2026-08-10T23:15:24+00:00,azure,2026-04-01T00:00:00Z,eastus,Standard_NC32lds_xl_RTXPRO6000BSE_v6,Virtual Machines NCldsxlRTX6kv6,,,spot,USD,0.2486,Machine Per Hour,,,2026-04-01,,machine not in the GPU count table -- add it to azure.py
2026-08-10T23:15:24+00:00,azure,2022-06-01T00:00:00Z,eastus,Standard_NC96ads_A100_v4,NCads A100 v4 Series Linux,A100,4,on_demand,USD,14.692,Machine Per Hour,3.673,machine_inclusive,2022-06-01,,
2026-08-10T23:15:24+00:00,azure,2022-06-01T00:00:00Z,eastus,Standard_NC96ads_A100_v4,NCads A100 v4 Series Linux,A100,4,savings_plan_3_year,USD,9.063495,Machine Per Hour,2.265874,machine_inclusive,2022-06-01,,
2026-08-10T23:15:24+00:00,azure,2022-06-01T00:00:00Z,eastus,Standard_NC96ads_A100_v4,NCads A100 v4 Series Linux,A100,4,savings_plan_1_year,USD,12.229621,Machine Per Hour,3.057405,machine_inclusive,2022-06-01,,
2026-08-10T23:15:24+00:00,azure,2022-06-01T00:00:00Z,eastus,Standard_NC96ads_A100_v4,NCads A100 v4 Series Linux,A100,4,1_year,USD,9.60411,Machine Per Hour,2.401027,machine_inclusive,2022-06-01,,
2026-08-10T23:15:24+00:00,azure,2022-06-01T00:00:00Z,eastus,Standard_NC96ads_A100_v4,NCads A100 v4 Series Linux,A100,4,3_year,USD,5.452207,Machine Per Hour,1.363052,machine_inclusive,2022-06-01,,
2026-08-10T23:15:24+00:00,azure,2026-01-01T00:00:00Z,eastus,Standard_ND96is_H100_v5,Virtual Machines NDsr H100 v5 Series,H100,8,spot,USD,16.352582,Machine Per Hour,2.044073,machine_inclusive,2026-01-01,,
2026-08-10T23:15:24+00:00,azure,2026-07-01T00:00:00Z,eastus,Standard_NC48ads_A100_v4,NCads A100 v4 Series Linux,A100,2,spot,USD,1.357541,Machine Per Hour,0.678771,machine_inclusive,2026-07-01,,
2026-08-10T23:15:24+00:00,azure,2026-07-01T00:00:00Z,eastus,Standard_NC16as_T4_v3,Virtual Machines NCasT4 v3 Series,T4,1,spot,USD,0.411407,Machine Per Hour,0.411407,machine_inclusive,2026-07-01,2026-07-31,
2026-08-10T23:15:24+00:00,azure,2026-08-01T00:00:00Z,eastus,Standard_NC16as_T4_v3,Virtual Machines NCasT4 v3 Series,T4,1,spot,USD,0.34916,Machine Per Hour,0.34916,machine_inclusive,2026-08-01,,
2026-08-10T23:15:24+00:00,azure,2026-04-01T00:00:00Z,eastus,Standard_NC24lds_xl_RTXPRO6000BSE_v6,Virtual Machines NCldsxlRTX6kv6,RTX PRO 6000,0.25,spot,USD,0.226,Machine Per Hour,0.904,machine_inclusive,2026-04-01,2026-07-31,extrapolated from a partitioned GPU slice (0.2500 of one RTX PRO 6000)
2026-08-10T23:15:24+00:00,azure,2026-08-01T00:00:00Z,eastus,Standard_NC24lds_xl_RTXPRO6000BSE_v6,Virtual Machines NCldsxlRTX6kv6,RTX PRO 6000,0.25,spot,USD,0.208824,Machine Per Hour,0.835296,machine_inclusive,2026-08-01,,extrapolated from a partitioned GPU slice (0.2500 of one RTX PRO 6000)
2026-08-10T23:15:24+00:00,azure,2025-09-01T00:00:00Z,eastus,Standard_NM16ads_MA35D  ,Virtual Machines NMadsMA35D Series,,,spot,USD,0.36036,Machine Per Hour,,,2025-09-01,,machine not in the GPU count table -- add it to azure.py
2026-08-10T23:15:24+00:00,azure,2021-11-01T00:00:00Z,eastus,Standard_NV48s_v3,Virtual Machines NVSv3 Series,,,on_demand,USD,4.56,Machine Per Hour,,,2021-11-01,,machine not in the GPU count table -- add it to azure.py
2026-08-10T23:15:24+00:00,azure,2021-11-01T00:00:00Z,eastus,Standard_NV48s_v3,Virtual Machines NVSv3 Series,,,savings_plan_3_year,USD,2.425008,Machine Per Hour,,,2021-11-01,,machine not in the GPU count table -- add it to azure.py
2026-08-10T23:15:24+00:00,azure,2021-11-01T00:00:00Z,eastus,Standard_NV48s_v3,Virtual Machines NVSv3 Series,,,savings_plan_1_year,USD,3.340656,Machine Per Hour,,,2021-11-01,,machine not in the GPU count table -- add it to azure.py
2026-08-10T23:15:24+00:00,azure,2026-04-01T00:00:00Z,eastus,Standard_NC320lds_xl_RTXPRO6000BSE_v6,Virtual Machines NCldsxlRTX6kv6,,,spot,USD,2.86,Machine Per Hour,,,2026-04-01,2026-07-31,machine not in the GPU count table -- add it to azure.py
2026-08-10T23:15:24+00:00,azure,2026-08-01T00:00:00Z,eastus,Standard_NC320lds_xl_RTXPRO6000BSE_v6,Virtual Machines NCldsxlRTX6kv6,,,spot,USD,2.64264,Machine Per Hour,,,2026-08-01,,machine not in the GPU count table -- add it to azure.py
2026-08-10T23:15:24+00:00,azure,2021-11-01T00:00:00Z,eastus,Standard_NV12s_v3,Virtual Machines NVSv3 Series,,,on_demand,USD,1.14,Machine Per Hour,,,2021-11-01,,machine not in the GPU count table -- add it to azure.py
2026-08-10T23:15:24+00:00,azure,2021-11-01T00:00:00Z,eastus,Standard_NV12s_v3,Virtual Machines NVSv3 Series,,,savings_plan_3_year,USD,0.606252,Machine Per Hour,,,2021-11-01,,machine not in the GPU count table -- add it to azure.py
2026-08-10T23:15:24+00:00,azure,2021-11-01T00:00:00Z,eastus,Standard_NV12s_v3,Virtual Machines NVSv3 Series,,,savings_plan_1_year,USD,0.835164,Machine Per Hour,,,2021-11-01,,machine not in the GPU count table -- add it to azure.py
2026-08-10T23:15:24+00:00,azure,2026-01-01T00:00:00Z,eastus,Standard_NC6s_v3,Virtual Machines NCSv3 Series,V100,1,spot,USD,0.565488,Machine Per Hour,0.565488,machine_inclusive,2026-01-01,,
2026-08-10T23:15:24+00:00,azure,2025-09-01T00:00:00Z,eastus,Standard_ND40s_v2,Virtual Machines NDSv2 Series,V100,8,spot,USD,2.261952,Machine Per Hour,0.282744,machine_inclusive,2025-09-01,,
2026-08-10T23:15:24+00:00,azure,2026-04-01T00:00:00Z,eastus,Standard_NC324ds_xl_RTXPRO6000BSE_v6,Virtual Machines NCdsxlRTX6kv6,,,on_demand,USD,16.588,Machine Per Hour,,,2026-04-01,,machine not in the GPU count table -- add it to azure.py
2026-08-10T23:15:24+00:00,azure,2026-04-01T00:00:00Z,eastus,Standard_NC324ds_xl_RTXPRO6000BSE_v6,Virtual Machines NCdsxlRTX6kv6,,,savings_plan_3_year,USD,10.28456,Machine Per Hour,,,2026-04-01,,machine not in the GPU count table -- add it to azure.py
2026-08-10T23:15:24+00:00,azure,2026-04-01T00:00:00Z,eastus,Standard_NC324ds_xl_RTXPRO6000BSE_v6,Virtual Machines NCdsxlRTX6kv6,,,savings_plan_1_year,USD,13.93392,Machine Per Hour,,,2026-04-01,,machine not in the GPU count table -- add it to azure.py
2026-08-10T23:15:24+00:00,azure,2026-04-01T00:00:00Z,eastus,Standard_NC324ds_xl_RTXPRO6000BSE_v6,Virtual Machines NCdsxlRTX6kv6,,,1_year,USD,10.616324,Machine Per Hour,,,2026-04-01,,machine not in the GPU count table -- add it to azure.py
2026-08-10T23:15:24+00:00,azure,2026-04-01T00:00:00Z,eastus,Standard_NC324ds_xl_RTXPRO6000BSE_v6,Virtual Machines NCdsxlRTX6kv6,,,3_year,USD,7.298706,Machine Per Hour,,,2026-04-01,,machine not in the GPU count table -- add it to azure.py
2026-08-10T23:15:24+00:00,azure,2026-04-01T00:00:00Z,eastus,Standard_NC72lds_xl_RTXPRO6000BSE_v6,Virtual Machines NCldsxlRTX6kv6,RTX PRO 6000,0.5,on_demand,USD,2.44,Machine Per Hour,4.88,machine_inclusive,2026-04-01,,extrapolated from a partitioned GPU slice (0.5000 of one RTX PRO 6000)
2026-08-10T23:15:24+00:00,azure,2026-04-01T00:00:00Z,eastus,Standard_NC72lds_xl_RTXPRO6000BSE_v6,Virtual Machines NCldsxlRTX6kv6,RTX PRO 6000,0.5,savings_plan_3_year,USD,1.5128,Machine Per Hour,3.0256,machine_inclusive,2026-04-01,,extrapolated from a partitioned GPU slice (0.5000 of one RTX PRO 6000)
2026-08-10T23:15:24+00:00,azure,2026-04-01T00:00:00Z,eastus,Standard_NC72lds_xl_RTXPRO6000BSE_v6,Virtual Machines NCldsxlRTX6kv6,RTX PRO 6000,0.5,savings_plan_1_year,USD,2.0496,Machine Per Hour,4.0992,machine_inclusive,2026-04-01,,extrapolated from a partitioned GPU slice (0.5000 of one RTX PRO 6000)
2026-08-10T23:15:24+00:00,azure,2026-04-01T00:00:00Z,eastus,Standard_NC72lds_xl_RTXPRO6000BSE_v6,Virtual Machines NCldsxlRTX6kv6,RTX PRO 6000,0.5,1_year,USD,1.561644,Machine Per Hour,3.123288,machine_inclusive,2026-04-01,,extrapolated from a partitioned GPU slice (0.5000 of one RTX PRO 6000)
2026-08-10T23:15:24+00:00,azure,2026-04-01T00:00:00Z,eastus,Standard_NC72lds_xl_RTXPRO6000BSE_v6,Virtual Machines NCldsxlRTX6kv6,RTX PRO 6000,0.5,3_year,USD,1.073592,Machine Per Hour,2.147184,machine_inclusive,2026-04-01,,extrapolated from a partitioned GPU slice (0.5000 of one RTX PRO 6000)
2026-08-10T23:15:24+00:00,azure,2025-08-01T00:00:00Z,eastus,Standard_NV28adms_V710_v5,Virtual Machines NVadsV710v5 Series,,,spot,USD,0.44352,Machine Per Hour,,,2025-08-01,,machine not in the GPU count table -- add it to azure.py
2026-08-10T23:15:24+00:00,azure,2025-12-01T00:00:00Z,eastus,Standard_NV36adms_A10_v5,Virtual Machines NVadsA10v5 Series,A10,1,spot,USD,0.835296,Machine Per Hour,0.835296,machine_inclusive,2025-12-01,,
2026-08-10T23:15:24+00:00,azure,2025-06-01T00:00:00Z,eastus,Standard_ND96ams_A100_v4,Virtual Machines NDamsr A100 v4 Series Linux,A100,8,spot,USD,8.5202,Machine Per Hour,1.065025,machine_inclusive,2025-06-01,,
2026-08-10T23:15:24+00:00,azure,2026-04-01T00:00:00Z,eastus,Standard_NC16lds_xl_RTXPRO6000BSE_v6,Virtual Machines NCldsxlRTX6kv6,,,spot,USD,0.226,Machine Per Hour,,,2026-04-01,,machine not in the GPU count table -- add it to azure.py
2026-08-10T23:15:24+00:00,azure,2021-11-01T00:00:00Z,eastus,Standard_NC64as_T4_v3,Virtual Machines NCasT4 v3 Series,T4,4,on_demand,USD,4.352,Machine Per Hour,1.088,machine_inclusive,2021-11-01,,
2026-08-10T23:15:24+00:00,azure,2021-11-01T00:00:00Z,eastus,Standard_NC64as_T4_v3,Virtual Machines NCasT4 v3 Series,T4,4,savings_plan_3_year,USD,2.047181,Machine Per Hour,0.511795,machine_inclusive,2021-11-01,,
2026-08-10T23:15:24+00:00,azure,2021-11-01T00:00:00Z,eastus,Standard_NC64as_T4_v3,Virtual Machines NCasT4 v3 Series,T4,4,savings_plan_1_year,USD,2.942822,Machine Per Hour,0.735706,machine_inclusive,2021-11-01,,
2026-08-10T23:15:24+00:00,azure,2021-11-01T00:00:00Z,eastus,Standard_NC64as_T4_v3,Virtual Machines NCasT4 v3 Series,T4,4,1_year,USD,2.559018,Machine Per Hour,0.639755,machine_inclusive,2021-11-01,,
2026-08-10T23:15:24+00:00,azure,2021-11-01T00:00:00Z,eastus,Standard_NC64as_T4_v3,Virtual Machines NCasT4 v3 Series,T4,4,3_year,USD,1.636339,Machine Per Hour,0.409085,machine_inclusive,2021-11-01,,
2026-08-10T23:15:24+00:00,azure,2026-01-01T00:00:00Z,eastus,Standard_NC6s_v3,Virtual Machines NCSv3 Series,V100,1,on_demand,USD,3.06,Machine Per Hour,3.06,machine_inclusive,2026-01-01,,
2026-08-10T23:15:24+00:00,azure,2026-01-01T00:00:00Z,eastus,Standard_NC6s_v3,Virtual Machines NCSv3 Series,V100,1,savings_plan_3_year,USD,1.628226,Machine Per Hour,1.628226,machine_inclusive,2026-01-01,,
2026-08-10T23:15:24+00:00,azure,2026-01-01T00:00:00Z,eastus,Standard_NC6s_v3,Virtual Machines NCSv3 Series,V100,1,savings_plan_1_year,USD,2.24298,Machine Per Hour,2.24298,machine_inclusive,2026-01-01,,
2026-08-10T23:15:24+00:00,azure,2026-04-01T00:00:00Z,eastus,Standard_NC36lds_xl_RTXPRO6000BSE_v6,Virtual Machines NCldsxlRTX6kv6,RTX PRO 6000,0.25,on_demand,USD,1.243,Machine Per Hour,4.972,machine_inclusive,2026-04-01,,extrapolated from a partitioned GPU slice (0.2500 of one RTX PRO 6000)
2026-08-10T23:15:24+00:00,azure,2026-04-01T00:00:00Z,eastus,Standard_NC36lds_xl_RTXPRO6000BSE_v6,Virtual Machines NCldsxlRTX6kv6,RTX PRO 6000,0.25,savings_plan_3_year,USD,0.77066,Machine Per Hour,3.08264,machine_inclusive,2026-04-01,,extrapolated from a partitioned GPU slice (0.2500 of one RTX PRO 6000)
2026-08-10T23:15:24+00:00,azure,2026-04-01T00:00:00Z,eastus,Standard_NC36lds_xl_RTXPRO6000BSE_v6,Virtual Machines NCldsxlRTX6kv6,RTX PRO 6000,0.25,savings_plan_1_year,USD,1.04412,Machine Per Hour,4.17648,machine_inclusive,2026-04-01,,extrapolated from a partitioned GPU slice (0.2500 of one RTX PRO 6000)
2026-08-10T23:15:24+00:00,azure,2026-04-01T00:00:00Z,eastus,Standard_NC36lds_xl_RTXPRO6000BSE_v6,Virtual Machines NCldsxlRTX6kv6,RTX PRO 6000,0.25,1_year,USD,0.795548,Machine Per Hour,3.182192,machine_inclusive,2026-04-01,,extrapolated from a partitioned GPU slice (0.2500 of one RTX PRO 6000)
2026-08-10T23:15:24+00:00,azure,2026-04-01T00:00:00Z,eastus,Standard_NC36lds_xl_RTXPRO6000BSE_v6,Virtual Machines NCldsxlRTX6kv6,RTX PRO 6000,0.25,3_year,USD,0.546918,Machine Per Hour,2.187671,machine_inclusive,2026-04-01,,extrapolated from a partitioned GPU slice (0.2500 of one RTX PRO 6000)
2026-08-10T23:15:24+00:00,azure,2022-02-01T00:00:00Z,eastus,Standard_NC24r_Promo,Virtual Machines NC Promo Series,,,on_demand,USD,1.742,Machine Per Hour,,,2022-02-01,,machine not in the GPU count table -- add it to azure.py
2026-08-10T23:15:24+00:00,azure,2026-04-01T00:00:00Z,eastus,Standard_NC324lds_xl_RTXPRO6000BSE_v6,Virtual Machines NCldsxlRTX6kv6,,,spot,USD,2.86,Machine Per Hour,,,2026-04-01,2026-07-31,machine not in the GPU count table -- add it to azure.py
2026-08-10T23:15:24+00:00,azure,2026-08-01T00:00:00Z,eastus,Standard_NC324lds_xl_RTXPRO6000BSE_v6,Virtual Machines NCldsxlRTX6kv6,,,spot,USD,2.64264,Machine Per Hour,,,2026-08-01,,machine not in the GPU count table -- add it to azure.py
2026-08-10T23:15:24+00:00,azure,2026-07-01T00:00:00Z,eastus,Standard_NC4as_T4_v3,Virtual Machines NCasT4 v3 Series,T4,1,spot,USD,0.179734,Machine Per Hour,0.179734,machine_inclusive,2026-07-01,2026-07-31,
2026-08-10T23:15:24+00:00,azure,2026-08-01T00:00:00Z,eastus,Standard_NC4as_T4_v3,Virtual Machines NCasT4 v3 Series,T4,1,spot,USD,0.15254,Machine Per Hour,0.15254,machine_inclusive,2026-08-01,,
2026-08-10T23:15:24+00:00,azure,2025-04-01T00:00:00Z,eastus,Standard_ND128isr_NDR_GB200_v6,Virtual Machines NDsrGB200NDRv6 Series,GB200,4,on_demand,USD,108.16,Machine Per Hour,27.04,machine_inclusive,2025-04-01,,
2026-08-10T23:15:24+00:00,azure,2025-04-01T00:00:00Z,eastus,Standard_ND128isr_NDR_GB200_v6,Virtual Machines NDsrGB200NDRv6 Series,GB200,4,1_year,USD,69.222374,Machine Per Hour,17.305594,machine_inclusive,2025-04-01,,
2026-08-10T23:15:24+00:00,azure,2025-04-01T00:00:00Z,eastus,Standard_ND128isr_NDR_GB200_v6,Virtual Machines NDsrGB200NDRv6 Series,GB200,4,3_year,USD,47.590411,Machine Per Hour,11.897603,machine_inclusive,2025-04-01,,
2026-08-10T23:15:24+00:00,azure,2021-11-01T00:00:00Z,eastus,Standard_NC4as_T4_v3,Virtual Machines NCasT4 v3 Series,T4,1,on_demand,USD,0.526,Machine Per Hour,0.526,machine_inclusive,2021-11-01,,
2026-08-10T23:15:24+00:00,azure,2021-11-01T00:00:00Z,eastus,Standard_NC4as_T4_v3,Virtual Machines NCasT4 v3 Series,T4,1,savings_plan_3_year,USD,0.24743,Machine Per Hour,0.24743,machine_inclusive,2021-11-01,,
2026-08-10T23:15:24+00:00,azure,2021-11-01T00:00:00Z,eastus,Standard_NC4as_T4_v3,Virtual Machines NCasT4 v3 Series,T4,1,savings_plan_1_year,USD,0.355681,Machine Per Hour,0.355681,machine_inclusive,2021-11-01,,
2026-08-10T23:15:24+00:00,azure,2021-11-01T00:00:00Z,eastus,Standard_NC4as_T4_v3,Virtual Machines NCasT4 v3 Series,T4,1,1_year,USD,0.309247,Machine Per Hour,0.309247,machine_inclusive,2021-11-01,,
2026-08-10T23:15:24+00:00,azure,2021-11-01T00:00:00Z,eastus,Standard_NC4as_T4_v3,Virtual Machines NCasT4 v3 Series,T4,1,3_year,USD,0.197793,Machine Per Hour,0.197793,machine_inclusive,2021-11-01,,
2026-08-10T23:15:24+00:00,azure,2021-11-01T00:00:00Z,eastus,Standard_NC8as_T4_v3,Virtual Machines NCasT4 v3 Series,T4,1,on_demand,USD,0.752,Machine Per Hour,0.752,machine_inclusive,2021-11-01,,
2026-08-10T23:15:24+00:00,azure,2021-11-01T00:00:00Z,eastus,Standard_NC8as_T4_v3,Virtual Machines NCasT4 v3 Series,T4,1,savings_plan_3_year,USD,0.353741,Machine Per Hour,0.353741,machine_inclusive,2021-11-01,,
2026-08-10T23:15:24+00:00,azure,2021-11-01T00:00:00Z,eastus,Standard_NC8as_T4_v3,Virtual Machines NCasT4 v3 Series,T4,1,savings_plan_1_year,USD,0.508502,Machine Per Hour,0.508502,machine_inclusive,2021-11-01,,
2026-08-10T23:15:24+00:00,azure,2021-11-01T00:00:00Z,eastus,Standard_NC8as_T4_v3,Virtual Machines NCasT4 v3 Series,T4,1,1_year,USD,0.442123,Machine Per Hour,0.442123,machine_inclusive,2021-11-01,,
2026-08-10T23:15:24+00:00,azure,2021-11-01T00:00:00Z,eastus,Standard_NC8as_T4_v3,Virtual Machines NCasT4 v3 Series,T4,1,3_year,USD,0.282763,Machine Per Hour,0.282763,machine_inclusive,2021-11-01,,
2026-08-10T23:15:24+00:00,azure,2026-06-01T00:00:00Z,eastus,Standard_NC288lds_xl_RTXPRO6000BSE_v6,Virtual Machines NCldsxlRTX6kv6,RTX PRO 6000,2,spot,USD,2.2,Machine Per Hour,1.1,machine_inclusive,2026-06-01,2026-07-31,
2026-08-10T23:15:24+00:00,azure,2026-08-01T00:00:00Z,eastus,Standard_NC288lds_xl_RTXPRO6000BSE_v6,Virtual Machines NCldsxlRTX6kv6,RTX PRO 6000,2,spot,USD,2.0328,Machine Per Hour,1.0164,machine_inclusive,2026-08-01,,
2026-08-10T23:15:24+00:00,azure,2026-04-01T00:00:00Z,eastus,Standard_NC264ds_xl_RTXPRO6000BSE_v6,Virtual Machines NCdsxlRTX6kv6,,,spot,USD,2.552,Machine Per Hour,,,2026-04-01,2026-07-31,machine not in the GPU count table -- add it to azure.py
2026-08-10T23:15:24+00:00,azure,2026-08-01T00:00:00Z,eastus,Standard_NC264ds_xl_RTXPRO6000BSE_v6,Virtual Machines NCdsxlRTX6kv6,,,spot,USD,2.358048,Machine Per Hour,,,2026-08-01,,machine not in the GPU count table -- add it to azure.py
2026-08-10T23:15:24+00:00,azure,2020-11-01T00:00:00Z,eastus,Standard_NV6_Promo,Virtual Machines NV Promo Series,,,on_demand,USD,0.684,Machine Per Hour,,,2020-11-01,,machine not in the GPU count table -- add it to azure.py
2026-08-10T23:15:24+00:00,azure,2020-04-01T00:00:00Z,eastus,Standard_ND40rs_v2,Virtual Machines NDrSv2 Series,V100,8,on_demand,USD,22.032,Machine Per Hour,2.754,machine_inclusive,2020-04-01,,
2026-08-10T23:15:24+00:00,azure,2020-04-01T00:00:00Z,eastus,Standard_ND40rs_v2,Virtual Machines NDrSv2 Series,V100,8,savings_plan_3_year,USD,13.591541,Machine Per Hour,1.698943,machine_inclusive,2020-04-01,,
2026-08-10T23:15:24+00:00,azure,2020-04-01T00:00:00Z,eastus,Standard_ND40rs_v2,Virtual Machines NDrSv2 Series,V100,8,savings_plan_1_year,USD,18.339437,Machine Per Hour,2.29243,machine_inclusive,2020-04-01,,
2026-08-10T23:15:24+00:00,azure,2020-04-01T00:00:00Z,eastus,Standard_ND40rs_v2,Virtual Machines NDrSv2 Series,V100,8,1_year,USD,10.795662,Machine Per Hour,1.349458,machine_inclusive,2020-04-01,,
2026-08-10T23:15:24+00:00,azure,2026-06-01T00:00:00Z,eastus,Standard_NC288lds_xl_RTXPRO6000BSE_v6,Virtual Machines NCldsxlRTX6kv6,RTX PRO 6000,2,on_demand,USD,11.0,Machine Per Hour,5.5,machine_inclusive,2026-06-01,,
2026-08-10T23:15:24+00:00,azure,2026-06-01T00:00:00Z,eastus,Standard_NC288lds_xl_RTXPRO6000BSE_v6,Virtual Machines NCldsxlRTX6kv6,RTX PRO 6000,2,savings_plan_3_year,USD,6.82,Machine Per Hour,3.41,machine_inclusive,2026-06-01,,
2026-08-10T23:15:24+00:00,azure,2026-06-01T00:00:00Z,eastus,Standard_NC288lds_xl_RTXPRO6000BSE_v6,Virtual Machines NCldsxlRTX6kv6,RTX PRO 6000,2,savings_plan_1_year,USD,9.24,Machine Per Hour,4.62,machine_inclusive,2026-06-01,,
2026-08-10T23:15:24+00:00,azure,2026-06-01T00:00:00Z,eastus,Standard_NC288lds_xl_RTXPRO6000BSE_v6,Virtual Machines NCldsxlRTX6kv6,RTX PRO 6000,2,1_year,USD,7.039954,Machine Per Hour,3.519977,machine_inclusive,2026-06-01,,
2026-08-10T23:15:24+00:00,azure,2026-06-01T00:00:00Z,eastus,Standard_NC288lds_xl_RTXPRO6000BSE_v6,Virtual Machines NCldsxlRTX6kv6,RTX PRO 6000,2,3_year,USD,4.839992,Machine Per Hour,2.419996,machine_inclusive,2026-06-01,,
2026-08-10T23:15:24+00:00,azure,2021-03-01T00:00:00Z,eastus,Standard_NV8as_v4,Virtual Machines NVasv4 Series,,,on_demand,USD,0.466,Machine Per Hour,,,2021-03-01,,machine not in the GPU count table -- add it to azure.py
2026-08-10T23:15:24+00:00,azure,2021-03-01T00:00:00Z,eastus,Standard_NV8as_v4,Virtual Machines NVasv4 Series,,,savings_plan_3_year,USD,0.287475,Machine Per Hour,,,2021-03-01,,machine not in the GPU count table -- add it to azure.py
2026-08-10T23:15:24+00:00,azure,2021-03-01T00:00:00Z,eastus,Standard_NV8as_v4,Virtual Machines NVasv4 Series,,,savings_plan_1_year,USD,0.387898,Machine Per Hour,,,2021-03-01,,machine not in the GPU count table -- add it to azure.py
2026-08-10T23:15:24+00:00,azure,2025-09-01T00:00:00Z,eastus,Standard_NV16as_v4,Virtual Machines NVasv4 Series,,,spot,USD,0.172234,Machine Per Hour,,,2025-09-01,,machine not in the GPU count table -- add it to azure.py
2026-08-10T23:15:24+00:00,azure,2022-04-01T00:00:00Z,eastus,Standard_NV36adms_A10_v5,Virtual Machines NVadsA10v5 Series,A10,1,on_demand,USD,4.52,Machine Per Hour,4.52,machine_inclusive,2022-04-01,,
2026-08-10T23:15:24+00:00,azure,2022-04-01T00:00:00Z,eastus,Standard_NV36adms_A10_v5,Virtual Machines NVadsA10v5 Series,A10,1,savings_plan_3_year,USD,2.788388,Machine Per Hour,2.788388,machine_inclusive,2022-04-01,,
2026-08-10T23:15:24+00:00,azure,2022-04-01T00:00:00Z,eastus,Standard_NV36adms_A10_v5,Virtual Machines NVadsA10v5 Series,A10,1,savings_plan_1_year,USD,3.762448,Machine Per Hour,3.762448,machine_inclusive,2022-04-01,,
2026-08-10T23:15:24+00:00,azure,2022-04-01T00:00:00Z,eastus,Standard_NV36adms_A10_v5,Virtual Machines NVadsA10v5 Series,A10,1,1_year,USD,2.892808,Machine Per Hour,2.892808,machine_inclusive,2022-04-01,,
2026-08-10T23:15:24+00:00,azure,2022-04-01T00:00:00Z,eastus,Standard_NV36adms_A10_v5,Virtual Machines NVadsA10v5 Series,A10,1,3_year,USD,1.988813,Machine Per Hour,1.988813,machine_inclusive,2022-04-01,,
2026-08-10T23:15:24+00:00,azure,2024-03-01T00:00:00Z,eastus,Standard_NC80adis_H100_v5,Virtual Machines NCadsH100v5 Series,H100,2,on_demand,USD,13.96,Machine Per Hour,6.98,machine_inclusive,2024-03-01,,
2026-08-10T23:15:24+00:00,azure,2024-03-01T00:00:00Z,eastus,Standard_NC80adis_H100_v5,Virtual Machines NCadsH100v5 Series,H100,2,savings_plan_3_year,USD,8.611924,Machine Per Hour,4.305962,machine_inclusive,2024-03-01,,
2026-08-10T23:15:24+00:00,azure,2024-03-01T00:00:00Z,eastus,Standard_NC80adis_H100_v5,Virtual Machines NCadsH100v5 Series,H100,2,savings_plan_1_year,USD,11.613324,Machine Per Hour,5.806662,machine_inclusive,2024-03-01,,
2026-08-10T23:15:24+00:00,azure,2024-03-01T00:00:00Z,eastus,Standard_NC80adis_H100_v5,Virtual Machines NCadsH100v5 Series,H100,2,1_year,USD,10.469977,Machine Per Hour,5.234989,machine_inclusive,2024-03-01,,
2026-08-10T23:15:24+00:00,azure,2024-03-01T00:00:00Z,eastus,Standard_NC80adis_H100_v5,Virtual Machines NCadsH100v5 Series,H100,2,3_year,USD,7.678006,Machine Per Hour,3.839003,machine_inclusive,2024-03-01,,
2026-08-10T23:15:24+00:00,azure,2025-09-01T00:00:00Z,eastus,Standard_ND40rs_v2,Virtual Machines NDrSv2 Series,V100,8,spot,USD,4.071514,Machine Per Hour,0.508939,machine_inclusive,2025-09-01,,
2026-08-10T23:15:24+00:00,azure,2025-07-01T00:00:00Z,eastus,Standard_NV4ads_V710_v5,Virtual Machines NVadsV710v5 Series,,,on_demand,USD,0.333,Machine Per Hour,,,2025-07-01,,machine not in the GPU count table -- add it to azure.py
2026-08-10T23:15:24+00:00,azure,2025-07-01T00:00:00Z,eastus,Standard_NV4ads_V710_v5,Virtual Machines NVadsV710v5 Series,,,savings_plan_3_year,USD,0.21312,Machine Per Hour,,,2025-07-01,,machine not in the GPU count table -- add it to azure.py
2026-08-10T23:15:24+00:00,azure,2025-07-01T00:00:00Z,eastus,Standard_NV4ads_V710_v5,Virtual Machines NVadsV710v5 Series,,,savings_plan_1_year,USD,0.27306,Machine Per Hour,,,2025-07-01,,machine not in the GPU count table -- add it to azure.py
2026-08-10T23:15:24+00:00,azure,2025-07-01T00:00:00Z,eastus,Standard_NV4ads_V710_v5,Virtual Machines NVadsV710v5 Series,,,1_year,USD,0.258333,Machine Per Hour,,,2025-07-01,,machine not in the GPU count table -- add it to azure.py
2026-08-10T23:15:24+00:00,azure,2025-07-01T00:00:00Z,eastus,Standard_NV4ads_V710_v5,Virtual Machines NVadsV710v5 Series,,,3_year,USD,0.183333,Machine Per Hour,,,2025-07-01,,machine not in the GPU count table -- add it to azure.py
2026-08-10T23:15:24+00:00,azure,2025-09-01T00:00:00Z,eastus,Standard_NV8as_v4,Virtual Machines NVasv4 Series,,,spot,USD,0.086117,Machine Per Hour,,,2025-09-01,,machine not in the GPU count table -- add it to azure.py
2026-08-10T23:15:24+00:00,azure,2022-04-01T00:00:00Z,eastus,Standard_NV12ads_A10_v5,Virtual Machines NVadsA10v5 Series,A10,0.3333,on_demand,USD,0.908,Machine Per Hour,2.724,machine_inclusive,2022-04-01,,extrapolated from a partitioned GPU slice (0.3333 of one A10)
2026-08-10T23:15:24+00:00,azure,2022-04-01T00:00:00Z,eastus,Standard_NV12ads_A10_v5,Virtual Machines NVadsA10v5 Series,A10,0.3333,savings_plan_3_year,USD,0.560145,Machine Per Hour,1.680436,machine_inclusive,2022-04-01,,extrapolated from a partitioned GPU slice (0.3333 of one A10)
2026-08-10T23:15:24+00:00,azure,2022-04-01T00:00:00Z,eastus,Standard_NV12ads_A10_v5,Virtual Machines NVadsA10v5 Series,A10,0.3333,savings_plan_1_year,USD,0.755819,Machine Per Hour,2.267458,machine_inclusive,2022-04-01,,extrapolated from a partitioned GPU slice (0.3333 of one A10)
2026-08-10T23:15:24+00:00,azure,2022-04-01T00:00:00Z,eastus,Standard_NV12ads_A10_v5,Virtual Machines NVadsA10v5 Series,A10,0.3333,1_year,USD,0.581164,Machine Per Hour,1.743493,machine_inclusive,2022-04-01,,extrapolated from a partitioned GPU slice (0.3333 of one A10)
2026-08-10T23:15:24+00:00,azure,2022-04-01T00:00:00Z,eastus,Standard_NV12ads_A10_v5,Virtual Machines NVadsA10v5 Series,A10,0.3333,3_year,USD,0.399505,Machine Per Hour,1.198516,machine_inclusive,2022-04-01,,extrapolated from a partitioned GPU slice (0.3333 of one A10)
2026-08-10T23:15:24+00:00,azure,2022-02-01T00:00:00Z,eastus,Standard_NC12_Promo,Virtual Machines NC Promo Series,,,on_demand,USD,0.792,Machine Per Hour,,,2022-02-01,,machine not in the GPU count table -- add it to azure.py
2026-08-10T23:15:24+00:00,azure,2025-02-01T00:00:00Z,eastus,Standard_ND96isrf_H100_v5,Virtual Machines NDsrf H100 v5 Series,H100,8,on_demand,USD,98.32,Machine Per Hour,12.29,machine_inclusive,2025-02-01,,
2026-08-10T23:15:24+00:00,azure,2025-02-01T00:00:00Z,eastus,Standard_ND96isrf_H100_v5,Virtual Machines NDsrf H100 v5 Series,H100,8,1_year,USD,62.924772,Machine Per Hour,7.865596,machine_inclusive,2025-02-01,,
2026-08-10T23:15:24+00:00,azure,2025-02-01T00:00:00Z,eastus,Standard_ND96isrf_H100_v5,Virtual Machines NDsrf H100 v5 Series,H100,8,3_year,USD,43.162481,Machine Per Hour,5.39531,machine_inclusive,2025-02-01,,
2026-08-10T23:15:24+00:00,azure,2025-02-01T00:00:00Z,eastus,Standard_ND96isrf_H100_v5,Virtual Machines NDsrf H100 v5 Series,H100,8,5_year,USD,39.327991,Machine Per Hour,4.915999,machine_inclusive,2025-02-01,,
2026-08-10T23:15:24+00:00,azure,2026-01-01T00:00:00Z,eastus,Standard_ND96is_noIB_H100_v5,Virtual Machines NDsH100v5 Series,H100,8,spot,USD,16.352582,Machine Per Hour,2.044073,machine_inclusive,2026-01-01,,
2026-08-10T23:15:24+00:00,azure,2021-05-01T00:00:00Z,eastus,Standard_NP10s,Virtual Machines NP Series,,,on_demand,USD,1.65,Machine Per Hour,,,2021-05-01,,machine not in the GPU count table -- add it to azure.py
2026-08-10T23:15:24+00:00,azure,2021-05-01T00:00:00Z,eastus,Standard_NP10s,Virtual Machines NP Series,,,savings_plan_3_year,USD,0.85932,Machine Per Hour,,,2021-05-01,,machine not in the GPU count table -- add it to azure.py
2026-08-10T23:15:24+00:00,azure,2021-05-01T00:00:00Z,eastus,Standard_NP10s,Virtual Machines NP Series,,,savings_plan_1_year,USD,1.197405,Machine Per Hour,,,2021-05-01,,machine not in the GPU count table -- add it to azure.py
2026-08-10T23:15:24+00:00,azure,2020-11-01T00:00:00Z,eastus,Standard_NV24_Promo,Virtual Machines NV Promo Series,,,on_demand,USD,2.736,Machine Per Hour,,,2020-11-01,,machine not in the GPU count table -- add it to azure.py
2026-08-10T23:15:24+00:00,azure,2026-04-01T00:00:00Z,eastus,Standard_NC128ds_xl_RTXPRO6000BSE_v6,Virtual Machines NCdsxlRTX6kv6,,,on_demand,USD,6.38,Machine Per Hour,,,2026-04-01,,machine not in the GPU count table -- add it to azure.py
2026-08-10T23:15:24+00:00,azure,2026-04-01T00:00:00Z,eastus,Standard_NC128ds_xl_RTXPRO6000BSE_v6,Virtual Machines NCdsxlRTX6kv6,,,savings_plan_3_year,USD,3.9556,Machine Per Hour,,,2026-04-01,,machine not in the GPU count table -- add it to azure.py
2026-08-10T23:15:24+00:00,azure,2026-04-01T00:00:00Z,eastus,Standard_NC128ds_xl_RTXPRO6000BSE_v6,Virtual Machines NCdsxlRTX6kv6,,,savings_plan_1_year,USD,5.3592,Machine Per Hour,,,2026-04-01,,machine not in the GPU count table -- add it to azure.py
2026-08-10T23:15:24+00:00,azure,2026-01-01T00:00:00Z,eastus,Standard_NC24rs_v3,Virtual Machines NCSv3 Series,V100,4,on_demand,USD,13.46,Machine Per Hour,3.365,machine_inclusive,2026-01-01,,
2026-08-10T23:15:24+00:00,azure,2026-01-01T00:00:00Z,eastus,Standard_NC24rs_v3,Virtual Machines NCSv3 Series,V100,4,savings_plan_3_year,USD,7.162066,Machine Per Hour,1.790517,machine_inclusive,2026-01-01,,
2026-08-10T23:15:24+00:00,azure,2026-01-01T00:00:00Z,eastus,Standard_NC24rs_v3,Virtual Machines NCSv3 Series,V100,4,savings_plan_1_year,USD,9.86618,Machine Per Hour,2.466545,machine_inclusive,2026-01-01,,
2026-08-10T23:15:24+00:00,azure,2022-02-01T00:00:00Z,eastus,Standard_NC6_Promo,Virtual Machines NC Promo Series,,,on_demand,USD,0.396,Machine Per Hour,,,2022-02-01,,machine not in the GPU count table -- add it to azure.py
2026-08-10T23:15:24+00:00,azure,2025-09-01T00:00:00Z,eastus,Standard_NV32as_v4,Virtual Machines NVasv4 Series,,,spot,USD,0.344467,Machine Per Hour,,,2025-09-01,,machine not in the GPU count table -- add it to azure.py
2026-08-10T23:15:24+00:00,azure,2026-04-01T00:00:00Z,eastus,Standard_NC132lds_xl_RTXPRO6000BSE_v6,Virtual Machines NCldsxlRTX6kv6,,,on_demand,USD,5.5,Machine Per Hour,,,2026-04-01,,machine not in the GPU count table -- add it to azure.py
2026-08-10T23:15:24+00:00,azure,2026-04-01T00:00:00Z,eastus,Standard_NC132lds_xl_RTXPRO6000BSE_v6,Virtual Machines NCldsxlRTX6kv6,,,savings_plan_3_year,USD,3.41,Machine Per Hour,,,2026-04-01,,machine not in the GPU count table -- add it to azure.py
2026-08-10T23:15:24+00:00,azure,2026-04-01T00:00:00Z,eastus,Standard_NC132lds_xl_RTXPRO6000BSE_v6,Virtual Machines NCldsxlRTX6kv6,,,savings_plan_1_year,USD,4.62,Machine Per Hour,,,2026-04-01,,machine not in the GPU count table -- add it to azure.py
2026-08-10T23:15:24+00:00,azure,2026-04-01T00:00:00Z,eastus,Standard_NC132lds_xl_RTXPRO6000BSE_v6,Virtual Machines NCldsxlRTX6kv6,,,1_year,USD,3.519977,Machine Per Hour,,,2026-04-01,,machine not in the GPU count table -- add it to azure.py
2026-08-10T23:15:24+00:00,azure,2026-04-01T00:00:00Z,eastus,Standard_NC132lds_xl_RTXPRO6000BSE_v6,Virtual Machines NCldsxlRTX6kv6,,,3_year,USD,2.420015,Machine Per Hour,,,2026-04-01,,machine not in the GPU count table -- add it to azure.py
2026-08-10T23:15:24+00:00,azure,2026-04-01T00:00:00Z,eastus,Standard_NC36ds_xl_RTXPRO6000BSE_v6,Virtual Machines NCdsxlRTX6kv6,RTX PRO 6000,0.25,on_demand,USD,1.442,Machine Per Hour,5.768,machine_inclusive,2026-04-01,,extrapolated from a partitioned GPU slice (0.2500 of one RTX PRO 6000)
2026-08-10T23:15:24+00:00,azure,2026-04-01T00:00:00Z,eastus,Standard_NC36ds_xl_RTXPRO6000BSE_v6,Virtual Machines NCdsxlRTX6kv6,RTX PRO 6000,0.25,savings_plan_3_year,USD,0.89404,Machine Per Hour,3.57616,machine_inclusive,2026-04-01,,extrapolated from a partitioned GPU slice (0.2500 of one RTX PRO 6000)
2026-08-10T23:15:24+00:00,azure,2026-04-01T00:00:00Z,eastus,Standard_NC36ds_xl_RTXPRO6000BSE_v6,Virtual Machines NCdsxlRTX6kv6,RTX PRO 6000,0.25,savings_plan_1_year,USD,1.21128,Machine Per Hour,4.84512,machine_inclusive,2026-04-01,,extrapolated from a partitioned GPU slice (0.2500 of one RTX PRO 6000)
2026-08-10T23:15:24+00:00,azure,2026-04-01T00:00:00Z,eastus,Standard_NC36ds_xl_RTXPRO6000BSE_v6,Virtual Machines NCdsxlRTX6kv6,RTX PRO 6000,0.25,1_year,USD,0.922831,Machine Per Hour,3.691324,machine_inclusive,2026-04-01,,extrapolated from a partitioned GPU slice (0.2500 of one RTX PRO 6000)
2026-08-10T23:15:24+00:00,azure,2026-04-01T00:00:00Z,eastus,Standard_NC36ds_xl_RTXPRO6000BSE_v6,Virtual Machines NCdsxlRTX6kv6,RTX PRO 6000,0.25,3_year,USD,0.634437,Machine Per Hour,2.537747,machine_inclusive,2026-04-01,,extrapolated from a partitioned GPU slice (0.2500 of one RTX PRO 6000)
2026-08-10T23:15:24+00:00,azure,2026-06-01T00:00:00Z,eastus,Standard_NC288ds_xl_RTXPRO6000BSE_v6,Virtual Machines NCdsxlRTX6kv6,RTX PRO 6000,2,on_demand,USD,11.0,Machine Per Hour,5.5,machine_inclusive,2026-06-01,,
2026-08-10T23:15:24+00:00,azure,2026-06-01T00:00:00Z,eastus,Standard_NC288ds_xl_RTXPRO6000BSE_v6,Virtual Machines NCdsxlRTX6kv6,RTX PRO 6000,2,savings_plan_3_year,USD,6.82,Machine Per Hour,3.41,machine_inclusive,2026-06-01,,
2026-08-10T23:15:24+00:00,azure,2026-06-01T00:00:00Z,eastus,Standard_NC288ds_xl_RTXPRO6000BSE_v6,Virtual Machines NCdsxlRTX6kv6,RTX PRO 6000,2,savings_plan_1_year,USD,9.24,Machine Per Hour,4.62,machine_inclusive,2026-06-01,,
2026-08-10T23:15:24+00:00,azure,2026-06-01T00:00:00Z,eastus,Standard_NC288ds_xl_RTXPRO6000BSE_v6,Virtual Machines NCdsxlRTX6kv6,RTX PRO 6000,2,1_year,USD,7.039954,Machine Per Hour,3.519977,machine_inclusive,2026-06-01,,
2026-08-10T23:15:24+00:00,azure,2026-06-01T00:00:00Z,eastus,Standard_NC288ds_xl_RTXPRO6000BSE_v6,Virtual Machines NCdsxlRTX6kv6,RTX PRO 6000,2,3_year,USD,4.839992,Machine Per Hour,2.419996,machine_inclusive,2026-06-01,,
2026-08-10T23:15:24+00:00,azure,2025-07-01T00:00:00Z,eastus,Standard_NV8ads_V710_v5,Virtual Machines NVadsV710v5 Series,,,on_demand,USD,0.667,Machine Per Hour,,,2025-07-01,,machine not in the GPU count table -- add it to azure.py
2026-08-10T23:15:24+00:00,azure,2025-07-01T00:00:00Z,eastus,Standard_NV8ads_V710_v5,Virtual Machines NVadsV710v5 Series,,,savings_plan_3_year,USD,0.42688,Machine Per Hour,,,2025-07-01,,machine not in the GPU count table -- add it to azure.py
2026-08-10T23:15:24+00:00,azure,2025-07-01T00:00:00Z,eastus,Standard_NV8ads_V710_v5,Virtual Machines NVadsV710v5 Series,,,savings_plan_1_year,USD,0.54694,Machine Per Hour,,,2025-07-01,,machine not in the GPU count table -- add it to azure.py
2026-08-10T23:15:24+00:00,azure,2025-07-01T00:00:00Z,eastus,Standard_NV8ads_V710_v5,Virtual Machines NVadsV710v5 Series,,,1_year,USD,0.516667,Machine Per Hour,,,2025-07-01,,machine not in the GPU count table -- add it to azure.py
2026-08-10T23:15:24+00:00,azure,2025-07-01T00:00:00Z,eastus,Standard_NV8ads_V710_v5,Virtual Machines NVadsV710v5 Series,,,3_year,USD,0.366667,Machine Per Hour,,,2025-07-01,,machine not in the GPU count table -- add it to azure.py
2026-08-10T23:15:24+00:00,azure,2026-04-01T00:00:00Z,eastus,Standard_NC320lds_xl_RTXPRO6000BSE_v6,Virtual Machines NCldsxlRTX6kv6,,,on_demand,USD,14.3,Machine Per Hour,,,2026-04-01,,machine not in the GPU count table -- add it to azure.py
2026-08-10T23:15:24+00:00,azure,2026-04-01T00:00:00Z,eastus,Standard_NC320lds_xl_RTXPRO6000BSE_v6,Virtual Machines NCldsxlRTX6kv6,,,savings_plan_3_year,USD,8.866,Machine Per Hour,,,2026-04-01,,machine not in the GPU count table -- add it to azure.py
2026-08-10T23:15:24+00:00,azure,2026-04-01T00:00:00Z,eastus,Standard_NC320lds_xl_RTXPRO6000BSE_v6,Virtual Machines NCldsxlRTX6kv6,,,savings_plan_1_year,USD,12.012,Machine Per Hour,,,2026-04-01,,machine not in the GPU count table -- add it to azure.py
2026-08-10T23:15:24+00:00,azure,2026-04-01T00:00:00Z,eastus,Standard_NC72ds_xl_RTXPRO6000BSE_v6,Virtual Machines NCdsxlRTX6kv6,RTX PRO 6000,0.5,on_demand,USD,2.83,Machine Per Hour,5.66,machine_inclusive,2026-04-01,,extrapolated from a partitioned GPU slice (0.5000 of one RTX PRO 6000)
2026-08-10T23:15:24+00:00,azure,2026-04-01T00:00:00Z,eastus,Standard_NC72ds_xl_RTXPRO6000BSE_v6,Virtual Machines NCdsxlRTX6kv6,RTX PRO 6000,0.5,savings_plan_3_year,USD,1.7546,Machine Per Hour,3.5092,machine_inclusive,2026-04-01,,extrapolated from a partitioned GPU slice (0.5000 of one RTX PRO 6000)
2026-08-10T23:15:24+00:00,azure,2026-04-01T00:00:00Z,eastus,Standard_NC72ds_xl_RTXPRO6000BSE_v6,Virtual Machines NCdsxlRTX6kv6,RTX PRO 6000,0.5,savings_plan_1_year,USD,2.3772,Machine Per Hour,4.7544,machine_inclusive,2026-04-01,,extrapolated from a partitioned GPU slice (0.5000 of one RTX PRO 6000)
2026-08-10T23:15:24+00:00,azure,2026-04-01T00:00:00Z,eastus,Standard_NC72ds_xl_RTXPRO6000BSE_v6,Virtual Machines NCdsxlRTX6kv6,RTX PRO 6000,0.5,1_year,USD,1.811416,Machine Per Hour,3.622831,machine_inclusive,2026-04-01,,extrapolated from a partitioned GPU slice (0.5000 of one RTX PRO 6000)
2026-08-10T23:15:24+00:00,azure,2026-04-01T00:00:00Z,eastus,Standard_NC72ds_xl_RTXPRO6000BSE_v6,Virtual Machines NCdsxlRTX6kv6,RTX PRO 6000,0.5,3_year,USD,1.245358,Machine Per Hour,2.490715,machine_inclusive,2026-04-01,,extrapolated from a partitioned GPU slice (0.5000 of one RTX PRO 6000)
2026-08-10T23:15:24+00:00,azure,2026-04-01T00:00:00Z,eastus,Standard_NC128lds_xl_RTXPRO6000BSE_v6,Virtual Machines NCldsxlRTX6kv6,,,spot,USD,1.1,Machine Per Hour,,,2026-04-01,2026-07-31,machine not in the GPU count table -- add it to azure.py
2026-08-10T23:15:24+00:00,azure,2026-08-01T00:00:00Z,eastus,Standard_NC128lds_xl_RTXPRO6000BSE_v6,Virtual Machines NCldsxlRTX6kv6,,,spot,USD,1.0164,Machine Per Hour,,,2026-08-01,,machine not in the GPU count table -- add it to azure.py
2026-08-10T23:15:24+00:00,azure,2026-04-01T00:00:00Z,eastus,Standard_NC256ds_xl_RTXPRO6000BSE_v6,Virtual Machines NCdsxlRTX6kv6,,,on_demand,USD,12.76,Machine Per Hour,,,2026-04-01,,machine not in the GPU count table -- add it to azure.py
2026-08-10T23:15:24+00:00,azure,2026-04-01T00:00:00Z,eastus,Standard_NC256ds_xl_RTXPRO6000BSE_v6,Virtual Machines NCdsxlRTX6kv6,,,savings_plan_3_year,USD,7.9112,Machine Per Hour,,,2026-04-01,,machine not in the GPU count table -- add it to azure.py
2026-08-10T23:15:24+00:00,azure,2026-04-01T00:00:00Z,eastus,Standard_NC256ds_xl_RTXPRO6000BSE_v6,Virtual Machines NCdsxlRTX6kv6,,,savings_plan_1_year,USD,10.7184,Machine Per Hour,,,2026-04-01,,machine not in the GPU count table -- add it to azure.py
2026-08-10T23:15:24+00:00,azure,2026-04-01T00:00:00Z,eastus,Standard_NC32lds_xl_RTXPRO6000BSE_v6,Virtual Machines NCldsxlRTX6kv6,,,on_demand,USD,1.243,Machine Per Hour,,,2026-04-01,,machine not in the GPU count table -- add it to azure.py
2026-08-10T23:15:24+00:00,azure,2026-04-01T00:00:00Z,eastus,Standard_NC32lds_xl_RTXPRO6000BSE_v6,Virtual Machines NCldsxlRTX6kv6,,,savings_plan_3_year,USD,0.77066,Machine Per Hour,,,2026-04-01,,machine not in the GPU count table -- add it to azure.py
2026-08-10T23:15:24+00:00,azure,2026-04-01T00:00:00Z,eastus,Standard_NC32lds_xl_RTXPRO6000BSE_v6,Virtual Machines NCldsxlRTX6kv6,,,savings_plan_1_year,USD,1.04412,Machine Per Hour,,,2026-04-01,,machine not in the GPU count table -- add it to azure.py
2026-08-10T23:15:24+00:00,azure,2025-03-01T00:00:00Z,eastus,Standard_ND96asr_A100_v4,Virtual Machines NDasr A100 v4 Series,A100,8,spot,USD,5.98334,Machine Per Hour,0.747918,machine_inclusive,2025-03-01,,
2026-08-10T23:15:24+00:00,azure,2022-02-01T00:00:00Z,eastus,Standard_NC24_Promo,Virtual Machines NC Promo Series,,,on_demand,USD,1.584,Machine Per Hour,,,2022-02-01,,machine not in the GPU count table -- add it to azure.py
2026-08-10T23:15:24+00:00,azure,2025-12-01T00:00:00Z,eastus,Standard_NV6ads_A10_v5,Virtual Machines NVadsA10v5 Series,A10,0.1667,spot,USD,0.083899,Machine Per Hour,0.503394,machine_inclusive,2025-12-01,,extrapolated from a partitioned GPU slice (0.1667 of one A10)
2026-08-10T23:15:24+00:00,azure,2025-02-01T00:00:00Z,eastus,Standard_ND96is_flex_H100_v5,Virtual Machines NDsfH100v5 Series,H100,8,on_demand,USD,88.488,Machine Per Hour,11.061,machine_inclusive,2025-02-01,,
2026-08-10T23:15:24+00:00,azure,2025-02-01T00:00:00Z,eastus,Standard_ND96is_flex_H100_v5,Virtual Machines NDsfH100v5 Series,H100,8,1_year,USD,56.632306,Machine Per Hour,7.079038,machine_inclusive,2025-02-01,,
2026-08-10T23:15:24+00:00,azure,2025-02-01T00:00:00Z,eastus,Standard_ND96is_flex_H100_v5,Virtual Machines NDsfH100v5 Series,H100,8,3_year,USD,38.846233,Machine Per Hour,4.855779,machine_inclusive,2025-02-01,,
2026-08-10T23:15:24+00:00,azure,2025-02-01T00:00:00Z,eastus,Standard_ND96is_flex_H100_v5,Virtual Machines NDsfH100v5 Series,H100,8,5_year,USD,35.395205,Machine Per Hour,4.424401,machine_inclusive,2025-02-01,,
2026-08-10T23:15:24+00:00,azure,2026-01-01T00:00:00Z,eastus,Standard_ND96isrf_H100_v5,Virtual Machines NDsrf H100 v5 Series,H100,8,spot,USD,18.169536,Machine Per Hour,2.271192,machine_inclusive,2026-01-01,,
2026-08-10T23:15:24+00:00,azure,2026-04-01T00:00:00Z,eastus,Standard_NC324lds_xl_RTXPRO6000BSE_v6,Virtual Machines NCldsxlRTX6kv6,,,on_demand,USD,14.3,Machine Per Hour,,,2026-04-01,,machine not in the GPU count table -- add it to azure.py
2026-08-10T23:15:24+00:00,azure,2026-04-01T00:00:00Z,eastus,Standard_NC324lds_xl_RTXPRO6000BSE_v6,Virtual Machines NCldsxlRTX6kv6,,,savings_plan_3_year,USD,8.866,Machine Per Hour,,,2026-04-01,,machine not in the GPU count table -- add it to azure.py
2026-08-10T23:15:24+00:00,azure,2026-04-01T00:00:00Z,eastus,Standard_NC324lds_xl_RTXPRO6000BSE_v6,Virtual Machines NCldsxlRTX6kv6,,,savings_plan_1_year,USD,12.012,Machine Per Hour,,,2026-04-01,,machine not in the GPU count table -- add it to azure.py
2026-08-10T23:15:24+00:00,azure,2026-04-01T00:00:00Z,eastus,Standard_NC324lds_xl_RTXPRO6000BSE_v6,Virtual Machines NCldsxlRTX6kv6,,,1_year,USD,9.152055,Machine Per Hour,,,2026-04-01,,machine not in the GPU count table -- add it to azure.py
2026-08-10T23:15:24+00:00,azure,2026-04-01T00:00:00Z,eastus,Standard_NC324lds_xl_RTXPRO6000BSE_v6,Virtual Machines NCldsxlRTX6kv6,,,3_year,USD,6.292009,Machine Per Hour,,,2026-04-01,,machine not in the GPU count table -- add it to azure.py
2026-08-10T23:15:24+00:00,azure,2026-04-01T00:00:00Z,eastus,Standard_NC264ds_xl_RTXPRO6000BSE_v6,Virtual Machines NCdsxlRTX6kv6,,,on_demand,USD,12.76,Machine Per Hour,,,2026-04-01,,machine not in the GPU count table -- add it to azure.py
2026-08-10T23:15:24+00:00,azure,2026-04-01T00:00:00Z,eastus,Standard_NC264ds_xl_RTXPRO6000BSE_v6,Virtual Machines NCdsxlRTX6kv6,,,savings_plan_3_year,USD,7.9112,Machine Per Hour,,,2026-04-01,,machine not in the GPU count table -- add it to azure.py
2026-08-10T23:15:24+00:00,azure,2026-04-01T00:00:00Z,eastus,Standard_NC264ds_xl_RTXPRO6000BSE_v6,Virtual Machines NCdsxlRTX6kv6,,,savings_plan_1_year,USD,10.7184,Machine Per Hour,,,2026-04-01,,machine not in the GPU count table -- add it to azure.py
2026-08-10T23:15:24+00:00,azure,2026-04-01T00:00:00Z,eastus,Standard_NC264ds_xl_RTXPRO6000BSE_v6,Virtual Machines NCdsxlRTX6kv6,,,1_year,USD,8.166438,Machine Per Hour,,,2026-04-01,,machine not in the GPU count table -- add it to azure.py
2026-08-10T23:15:24+00:00,azure,2026-04-01T00:00:00Z,eastus,Standard_NC264ds_xl_RTXPRO6000BSE_v6,Virtual Machines NCdsxlRTX6kv6,,,3_year,USD,5.614384,Machine Per Hour,,,2026-04-01,,machine not in the GPU count table -- add it to azure.py
2026-08-10T23:15:24+00:00,azure,2026-01-01T00:00:00Z,eastus,Standard_NC24s_v3,Virtual Machines NCSv3 Series,V100,4,spot,USD,2.261952,Machine Per Hour,0.565488,machine_inclusive,2026-01-01,,
2026-08-10T23:15:24+00:00,azure,2022-04-01T00:00:00Z,eastus,Standard_NV18ads_A10_v5,Virtual Machines NVadsA10v5 Series,A10,0.5,on_demand,USD,1.6,Machine Per Hour,3.2,machine_inclusive,2022-04-01,,extrapolated from a partitioned GPU slice (0.5000 of one A10)
2026-08-10T23:15:24+00:00,azure,2022-04-01T00:00:00Z,eastus,Standard_NV18ads_A10_v5,Virtual Machines NVadsA10v5 Series,A10,0.5,savings_plan_3_year,USD,0.98704,Machine Per Hour,1.97408,machine_inclusive,2022-04-01,,extrapolated from a partitioned GPU slice (0.5000 of one A10)
2026-08-10T23:15:24+00:00,azure,2022-04-01T00:00:00Z,eastus,Standard_NV18ads_A10_v5,Virtual Machines NVadsA10v5 Series,A10,0.5,savings_plan_1_year,USD,1.33184,Machine Per Hour,2.66368,machine_inclusive,2022-04-01,,extrapolated from a partitioned GPU slice (0.5000 of one A10)
2026-08-10T23:15:24+00:00,azure,2022-04-01T00:00:00Z,eastus,Standard_NV18ads_A10_v5,Virtual Machines NVadsA10v5 Series,A10,0.5,1_year,USD,1.023973,Machine Per Hour,2.047945,machine_inclusive,2022-04-01,,extrapolated from a partitioned GPU slice (0.5000 of one A10)
2026-08-10T23:15:24+00:00,azure,2022-04-01T00:00:00Z,eastus,Standard_NV18ads_A10_v5,Virtual Machines NVadsA10v5 Series,A10,0.5,3_year,USD,0.703995,Machine Per Hour,1.407991,machine_inclusive,2022-04-01,,extrapolated from a partitioned GPU slice (0.5000 of one A10)
2026-08-10T23:15:24+00:00,azure,2026-04-01T00:00:00Z,eastus,Standard_NC132ds_xl_RTXPRO6000BSE_v6,Virtual Machines NCdsxlRTX6kv6,,,spot,USD,1.276,Machine Per Hour,,,2026-04-01,2026-07-31,machine not in the GPU count table -- add it to azure.py
2026-08-10T23:15:24+00:00,azure,2026-08-01T00:00:00Z,eastus,Standard_NC132ds_xl_RTXPRO6000BSE_v6,Virtual Machines NCdsxlRTX6kv6,,,spot,USD,1.179024,Machine Per Hour,,,2026-08-01,,machine not in the GPU count table -- add it to azure.py
2026-08-10T23:15:24+00:00,azure,2026-04-01T00:00:00Z,eastus,Standard_NC132lds_xl_RTXPRO6000BSE_v6,Virtual Machines NCldsxlRTX6kv6,,,spot,USD,1.1,Machine Per Hour,,,2026-04-01,2026-07-31,machine not in the GPU count table -- add it to azure.py
2026-08-10T23:15:24+00:00,azure,2026-08-01T00:00:00Z,eastus,Standard_NC132lds_xl_RTXPRO6000BSE_v6,Virtual Machines NCldsxlRTX6kv6,,,spot,USD,1.0164,Machine Per Hour,,,2026-08-01,,machine not in the GPU count table -- add it to azure.py
2026-08-10T23:15:24+00:00,azure,2026-04-01T00:00:00Z,eastus,Standard_NC64lds_xl_RTXPRO6000BSE_v6,Virtual Machines NCldsxlRTX6kv6,,,spot,USD,0.488,Machine Per Hour,,,2026-04-01,,machine not in the GPU count table -- add it to azure.py
2026-08-10T23:15:24+00:00,azure,2021-03-01T00:00:00Z,eastus,Standard_NV32as_v4,Virtual Machines NVasv4 Series,,,on_demand,USD,1.864,Machine Per Hour,,,2021-03-01,,machine not in the GPU count table -- add it to azure.py
2026-08-10T23:15:24+00:00,azure,2021-03-01T00:00:00Z,eastus,Standard_NV32as_v4,Virtual Machines NVasv4 Series,,,savings_plan_3_year,USD,1.149902,Machine Per Hour,,,2021-03-01,,machine not in the GPU count table -- add it to azure.py
2026-08-10T23:15:24+00:00,azure,2021-03-01T00:00:00Z,eastus,Standard_NV32as_v4,Virtual Machines NVasv4 Series,,,savings_plan_1_year,USD,1.551594,Machine Per Hour,,,2021-03-01,,machine not in the GPU count table -- add it to azure.py
2026-08-10T23:15:24+00:00,azure,2026-01-01T00:00:00Z,eastus,Standard_NC24s_v3,Virtual Machines NCSv3 Series,V100,4,on_demand,USD,12.24,Machine Per Hour,3.06,machine_inclusive,2026-01-01,,
2026-08-10T23:15:24+00:00,azure,2026-01-01T00:00:00Z,eastus,Standard_NC24s_v3,Virtual Machines NCSv3 Series,V100,4,savings_plan_3_year,USD,6.512904,Machine Per Hour,1.628226,machine_inclusive,2026-01-01,,
2026-08-10T23:15:24+00:00,azure,2026-01-01T00:00:00Z,eastus,Standard_NC24s_v3,Virtual Machines NCSv3 Series,V100,4,savings_plan_1_year,USD,8.97192,Machine Per Hour,2.24298,machine_inclusive,2026-01-01,,
2026-08-10T23:15:24+00:00,azure,2026-04-01T00:00:00Z,eastus,Standard_NC132ds_xl_RTXPRO6000BSE_v6,Virtual Machines NCdsxlRTX6kv6,,,on_demand,USD,6.38,Machine Per Hour,,,2026-04-01,,machine not in the GPU count table -- add it to azure.py
2026-08-10T23:15:24+00:00,azure,2026-04-01T00:00:00Z,eastus,Standard_NC132ds_xl_RTXPRO6000BSE_v6,Virtual Machines NCdsxlRTX6kv6,,,savings_plan_3_year,USD,3.9556,Machine Per Hour,,,2026-04-01,,machine not in the GPU count table -- add it to azure.py
2026-08-10T23:15:24+00:00,azure,2026-04-01T00:00:00Z,eastus,Standard_NC132ds_xl_RTXPRO6000BSE_v6,Virtual Machines NCdsxlRTX6kv6,,,savings_plan_1_year,USD,5.3592,Machine Per Hour,,,2026-04-01,,machine not in the GPU count table -- add it to azure.py
2026-08-10T23:15:24+00:00,azure,2026-04-01T00:00:00Z,eastus,Standard_NC132ds_xl_RTXPRO6000BSE_v6,Virtual Machines NCdsxlRTX6kv6,,,1_year,USD,4.083219,Machine Per Hour,,,2026-04-01,,machine not in the GPU count table -- add it to azure.py
2026-08-10T23:15:24+00:00,azure,2026-04-01T00:00:00Z,eastus,Standard_NC132ds_xl_RTXPRO6000BSE_v6,Virtual Machines NCdsxlRTX6kv6,,,3_year,USD,2.807192,Machine Per Hour,,,2026-04-01,,machine not in the GPU count table -- add it to azure.py
